siglum,level_0,level_1,level_2,level_3,level_4,level_5,level_6,level_7,level_8,level_9,level_10,level_11,level_12,level0_new,level1_new,level2_new,level3_new,level4_new,level5_new,level6_new,level7_new,level8_new,level9_new,level10_new,level11_new,level12_new
A-Gu 29 (olim 38/8 f.),197,5,4,0,0,0,0,0,0,0,0,0,0,8,2,1,0,0,0,0,0,0,0,0,0,0
CZ-Pu VI.E.4c,197,5,4,0,0,0,0,0,0,0,0,0,0,8,2,1,0,0,0,0,0,0,0,0,0,0
CZ-Pu XIV.B.13,197,5,4,0,0,0,0,0,0,0,0,0,0,8,2,1,0,0,0,0,0,0,0,0,0,0
A-KN CCl 1010,197,5,4,0,0,0,0,0,0,0,0,0,0,8,2,1,0,0,0,0,0,0,0,0,0,0
A-KN CCl 1011,197,5,4,0,0,0,0,0,0,0,0,0,0,8,2,1,0,0,0,0,0,0,0,0,0,0
A-KN CCl 1013,197,5,4,0,0,0,0,0,0,0,0,0,0,8,2,1,0,0,0,0,0,0,0,0,0,0
A-KN CCl 1015,197,5,4,0,0,0,0,0,0,0,0,0,0,8,2,1,0,0,0,0,0,0,0,0,0,0
A-KN CCl 1017,197,5,4,0,0,0,0,0,0,0,0,0,0,8,2,1,0,0,0,0,0,0,0,0,0,0
AUS-Sfl Add. Ms. 413 (olim Add. Ms. Fol.1),197,5,4,0,0,0,0,0,0,0,0,0,0,8,2,1,0,0,0,0,0,0,0,0,0,0
B-TOb 63 (olim V),197,5,4,0,0,0,0,0,0,0,0,0,0,8,2,1,0,0,0,0,0,0,0,0,0,0
B-TOb 64 (olim IV),197,5,4,0,0,0,0,0,0,0,0,0,0,8,2,1,0,0,0,0,0,0,0,0,0,0
CDN-Hsmu M2149.L4 1554,197,5,4,0,0,0,0,0,0,0,0,0,0,8,2,1,0,0,0,0,0,0,0,0,0,0
CH-SGs 390,197,5,4,0,0,0,0,0,0,0,0,0,0,8,2,1,0,0,0,0,0,0,0,0,0,0
CZ-Pn XII A 24,197,5,4,0,0,0,0,0,0,0,0,0,0,8,2,1,0,0,0,0,0,0,0,0,0,0
CZ-Pn XV A 10,197,5,4,0,0,0,0,0,0,0,0,0,0,8,2,1,0,0,0,0,0,0,0,0,0,0
D-B Theol. Lat. Qu. 149,197,5,4,0,0,0,0,0,0,0,0,0,0,8,2,1,0,0,0,0,0,0,0,0,0,0
D-KNd 1161,197,5,4,0,0,0,0,0,0,0,0,0,0,8,2,1,0,0,0,0,0,0,0,0,0,0
D-MZb A,197,5,4,0,0,0,0,0,0,0,0,0,0,8,2,1,0,0,0,0,0,0,0,0,0,0
D-Mbs Clm 4303,197,5,4,0,0,0,0,0,0,0,0,0,0,8,2,1,0,0,0,0,0,0,0,0,0,0
D-W Cod. Guelf. 29 Helmst. (Heinemann-Nr. 32),197,5,4,0,0,0,0,0,0,0,0,0,0,8,2,1,0,0,0,0,0,0,0,0,0,0
DK-Kk Gl. Kgl. S. 3449 8o [01] I,197,5,4,0,0,0,0,0,0,0,0,0,0,8,2,1,0,0,0,0,0,0,0,0,0,0
"E-BAR, s.s.",197,5,4,0,0,0,0,0,0,0,0,0,0,8,2,1,0,0,0,0,0,0,0,0,0,0
E-Bbc M 705,197,5,4,0,0,0,0,0,0,0,0,0,0,8,2,1,0,0,0,0,0,0,0,0,0,0
E-Bbc Ms. 2545,197,5,4,0,0,0,0,0,0,0,0,0,0,8,2,1,0,0,0,0,0,0,0,0,0,0
E-H Ms. 2,197,5,4,0,0,0,0,0,0,0,0,0,0,8,2,1,0,0,0,0,0,0,0,0,0,0
E-H Ms. 7 (ant. 5),197,5,4,0,0,0,0,0,0,0,0,0,0,8,2,1,0,0,0,0,0,0,0,0,0,0
E-VI Mss. 113-114,197,5,4,0,0,0,0,0,0,0,0,0,0,8,2,1,0,0,0,0,0,0,0,0,0,0
F-Pn Lat. 17991,197,5,4,0,0,0,0,0,0,0,0,0,0,8,2,1,0,0,0,0,0,0,0,0,0,0
F-Pn NAL 1236,197,5,4,0,0,0,0,0,0,0,0,0,0,8,2,1,0,0,0,0,0,0,0,0,0,0
H-Bu lat. 118,197,5,4,0,0,0,0,0,0,0,0,0,0,8,2,1,0,0,0,0,0,0,0,0,0,0
HR-Hf Cod. C Nr. 4,197,5,4,0,0,0,0,0,0,0,0,0,0,8,2,1,0,0,0,0,0,0,0,0,0,0
I-BV V 19,197,5,4,0,0,0,0,0,0,0,0,0,0,8,2,1,0,0,0,0,0,0,0,0,0,0
I-CHV s.c.,197,5,4,0,0,0,0,0,0,0,0,0,0,8,2,1,0,0,0,0,0,0,0,0,0,0
I-VCd CLXX,197,5,4,0,0,0,0,0,0,0,0,0,0,8,2,1,0,0,0,0,0,0,0,0,0,0
PL-GD Mar. F 408,197,5,4,0,0,0,0,0,0,0,0,0,0,8,2,1,0,0,0,0,0,0,0,0,0,0
PL-Kkar Ms.2 (rkp. Perg. 14),197,5,4,0,0,0,0,0,0,0,0,0,0,8,2,1,0,0,0,0,0,0,0,0,0,0
PL-Kkar Ms.5 (rkp. Perg. 13),197,5,4,0,0,0,0,0,0,0,0,0,0,8,2,1,0,0,0,0,0,0,0,0,0,0
PL-STAb ms. 1,197,5,4,0,0,0,0,0,0,0,0,0,0,8,2,1,0,0,0,0,0,0,0,0,0,0
SI-Lna 18 (olim 17),197,5,4,0,0,0,0,0,0,0,0,0,0,8,2,1,0,0,0,0,0,0,0,0,0,0
SK-BRsa SNA 2,197,5,4,0,0,0,0,0,0,0,0,0,0,8,2,1,0,0,0,0,0,0,0,0,0,0
V-CVbav Cappella Sistina 27,197,5,4,0,0,0,0,0,0,0,0,0,0,8,2,1,0,0,0,0,0,0,0,0,0,0
A-Wda C-11,197,5,4,0,0,0,0,0,0,0,0,0,0,8,2,1,0,0,0,0,0,0,0,0,0,0
CZ-Pu Pu XIV A 19,197,5,4,0,0,0,0,0,0,0,0,0,0,8,2,1,0,0,0,0,0,0,0,0,0,0
DK-Kk Gl. Kgl. S. 3449 8o [02] II,197,5,4,0,0,0,0,0,0,0,0,0,0,8,2,1,0,0,0,0,0,0,0,0,0,0
GB-Lbl Add MS 30847,197,5,4,0,0,0,0,0,0,0,0,0,0,8,2,1,0,0,0,0,0,0,0,0,0,0
I-MC 542,197,5,4,0,0,0,0,0,0,0,0,0,0,8,2,1,0,0,0,0,0,0,0,0,0,0
SK-BRsa SNA 4,197,5,4,0,0,0,0,0,0,0,0,0,0,8,2,1,0,0,0,0,0,0,0,0,0,0
HR-Hf Cod. D Nr. 5,197,5,4,0,0,0,0,0,0,0,0,0,0,8,2,1,0,0,0,0,0,0,0,0,0,0
CDN-Ttfl MSS 09700,197,5,4,0,0,0,0,0,0,0,0,0,0,8,2,1,0,0,0,0,0,0,0,0,0,0
D-MZb B,197,5,4,0,0,0,0,0,0,0,0,0,0,8,2,1,0,0,0,0,0,0,0,0,0,0
DK-Kk Gl. Kgl. S. 3449 8o [04] IV,197,5,4,0,0,0,0,0,0,0,0,0,0,8,2,1,0,0,0,0,0,0,0,0,0,0
Cantus GOTTSCHALK,197,5,4,0,0,0,0,0,0,0,0,0,0,8,2,1,0,0,0,0,0,0,0,0,0,0
PL-STAb ms. 2,197,5,4,0,0,0,0,0,0,0,0,0,0,8,2,1,0,0,0,0,0,0,0,0,0,0
"E-TZ, Ms. 18",197,5,4,0,0,0,0,0,0,0,0,0,0,8,2,1,0,0,0,0,0,0,0,0,0,0
DK-Kk Gl. Kgl. S. 3449 8o [15] XV,197,5,4,0,0,0,0,0,0,0,0,0,0,8,2,1,0,0,0,0,0,0,0,0,0,0
DK-Kk Gl. Kgl. S. 3449 8o [05] V,197,5,4,0,0,0,0,0,0,0,0,0,0,8,2,1,0,0,0,0,0,0,0,0,0,0
E-SA 5,197,5,4,0,0,0,0,0,0,0,0,0,0,8,2,1,0,0,0,0,0,0,0,0,0,0
D-Dl Mscr.Dresd.A.0122,197,5,4,0,0,0,0,0,0,0,0,0,0,8,2,1,0,0,0,0,0,0,0,0,0,0
CZ-Pak P VII,197,5,4,0,0,0,0,0,0,0,0,0,0,8,2,1,0,0,0,0,0,0,0,0,0,0
GB-Lbl Additional 18031,197,5,4,0,0,0,0,0,0,0,0,0,0,8,2,1,0,0,0,0,0,0,0,0,0,0
F-O Ms 121,197,5,4,0,0,0,0,0,0,0,0,0,0,8,2,1,0,0,0,0,0,0,0,0,0,0
A-Gu 30 (olim 38/9 f.),23,5,4,0,0,0,0,0,0,0,0,0,0,1,2,1,0,0,0,0,0,0,0,0,0,0
CZ-Pu XIV C 20,23,5,4,0,0,0,0,0,0,0,0,0,0,1,2,1,0,0,0,0,0,0,0,0,0,0
A-KN CCl 1018,23,5,4,0,0,0,0,0,0,0,0,0,0,1,2,1,0,0,0,0,0,0,0,0,0,0
A-KN CCl 589,23,5,4,0,0,0,0,0,0,0,0,0,0,1,2,1,0,0,0,0,0,0,0,0,0,0
A-Wda C-10,23,5,4,0,0,0,0,0,0,0,0,0,0,1,2,1,0,0,0,0,0,0,0,0,0,0
CZ-Pu VI E 13,23,5,4,0,0,0,0,0,0,0,0,0,0,1,2,1,0,0,0,0,0,0,0,0,0,0
D-FUl Aa 55,23,5,4,0,0,0,0,0,0,0,0,0,0,1,2,1,0,0,0,0,0,0,0,0,0,0
I-BV V 20,23,5,4,0,0,0,0,0,0,0,0,0,0,1,2,1,0,0,0,0,0,0,0,0,0,0
NL-ZUa 6,23,5,4,0,0,0,0,0,0,0,0,0,0,1,2,1,0,0,0,0,0,0,0,0,0,0
E-E L. III. 4.,23,5,4,0,0,0,0,0,0,0,0,0,0,1,2,1,0,0,0,0,0,0,0,0,0,0
SK-Sk 2,23,5,4,0,0,0,0,0,0,0,0,0,0,1,2,1,0,0,0,0,0,0,0,0,0,0
D-W Cod. Guelf. 28 Helmst. (Heinemann-Nr. 31),23,5,4,0,0,0,0,0,0,0,0,0,0,1,2,1,0,0,0,0,0,0,0,0,0,0
B-Gu Hs BKT.006,23,5,4,0,0,0,0,0,0,0,0,0,0,1,2,1,0,0,0,0,0,0,0,0,0,0
SI-Lna 19 (olim 18),23,5,4,0,0,0,0,0,0,0,0,0,0,1,2,1,0,0,0,0,0,0,0,0,0,0
F-Pn Latin 15182,23,5,4,0,0,0,0,0,0,0,0,0,0,1,2,1,0,0,0,0,0,0,0,0,0,0
PL-Kkar Ms.3 (rkp. Perg. 15),23,5,4,0,0,0,0,0,0,0,0,0,0,1,2,1,0,0,0,0,0,0,0,0,0,0
SK-Bra BAI ECLad.3,23,5,4,0,0,0,0,0,0,0,0,0,0,1,2,1,0,0,0,0,0,0,0,0,0,0
F-Pn Lat. 1030,23,5,4,0,0,0,0,0,0,0,0,0,0,1,2,1,0,0,0,0,0,0,0,0,0,0
CH-SGs 391,23,5,4,0,0,0,0,0,0,0,0,0,0,1,2,1,0,0,0,0,0,0,0,0,0,0
DK-Kk Gl. Kgl. S. 3449 8o [06] VI,23,5,4,0,0,0,0,0,0,0,0,0,0,1,2,1,0,0,0,0,0,0,0,0,0,0
E-H Ms. 8 (ant. 6),23,5,4,0,0,0,0,0,0,0,0,0,0,1,2,1,0,0,0,0,0,0,0,0,0,0
H-Bu lat. 119,23,5,4,0,0,0,0,0,0,0,0,0,0,1,2,1,0,0,0,0,0,0,0,0,0,0
HR-Hf Cod. F Nr. 6,23,5,4,0,0,0,0,0,0,0,0,0,0,1,2,1,0,0,0,0,0,0,0,0,0,0
PL-WRzno Rkp. 12025/IV,23,5,4,0,0,0,0,0,0,0,0,0,0,1,2,1,0,0,0,0,0,0,0,0,0,0
US-Cai 1911.142b,23,5,4,0,0,0,0,0,0,0,0,0,0,1,2,1,0,0,0,0,0,0,0,0,0,0
CZ-R R 17,23,5,4,0,0,0,0,0,0,0,0,0,0,1,2,1,0,0,0,0,0,0,0,0,0,0
D-MZb D,23,5,4,0,0,0,0,0,0,0,0,0,0,1,2,1,0,0,0,0,0,0,0,0,0,0
F-Pn Latin 12601,23,5,4,0,0,0,0,0,0,0,0,0,0,1,2,1,0,0,0,0,0,0,0,0,0,0
A-KN CCl 1012,23,5,4,0,0,0,0,0,0,0,0,0,0,1,2,1,0,0,0,0,0,0,0,0,0,0
CZ-Bu R 387,23,5,4,0,0,0,0,0,0,0,0,0,0,1,2,1,0,0,0,0,0,0,0,0,0,0
CZ-Pu XII C 3,23,5,4,0,0,0,0,0,0,0,0,0,0,1,2,1,0,0,0,0,0,0,0,0,0,0
CZ-Pu XIII C 4,23,5,4,0,0,0,0,0,0,0,0,0,0,1,2,1,0,0,0,0,0,0,0,0,0,0
NZ-Wt MSR-03,23,5,4,0,0,0,0,0,0,0,0,0,0,1,2,1,0,0,0,0,0,0,0,0,0,0
CDN-Lu M2150 15-?,23,5,4,0,0,0,0,0,0,0,0,0,0,1,2,1,0,0,0,0,0,0,0,0,0,0
PL-STAb ms. 4,23,5,4,0,0,0,0,0,0,0,0,0,0,1,2,1,0,0,0,0,0,0,0,0,0,0
D-MZb C,23,5,4,0,0,0,0,0,0,0,0,0,0,1,2,1,0,0,0,0,0,0,0,0,0,0
DK-Kk Gl. Kgl. S. 3449 8o [07] VII,23,5,4,0,0,0,0,0,0,0,0,0,0,1,2,1,0,0,0,0,0,0,0,0,0,0
SK-Bra BAIIa EC Lad.4,23,5,4,0,0,0,0,0,0,0,0,0,0,1,2,1,0,0,0,0,0,0,0,0,0,0
DK-Kk Gl. Kgl. S. 3449 8o [08] VIII,23,5,4,0,0,0,0,0,0,0,0,0,0,1,2,1,0,0,0,0,0,0,0,0,0,0
A-LIb 290 (olim 183; olim Gamma p 19),122,4,4,0,0,0,0,0,0,0,0,0,0,5,1,1,0,0,0,0,0,0,0,0,0,0
A-Wn Cod. 1890,122,4,4,0,0,0,0,0,0,0,0,0,0,5,1,1,0,0,0,0,0,0,0,0,0,0
CZ-Pu VI G 11,122,4,4,0,0,0,0,0,0,0,0,0,0,5,1,1,0,0,0,0,0,0,0,0,0,0
E-SI MS 9,122,4,4,0,0,0,0,0,0,0,0,0,0,5,1,1,0,0,0,0,0,0,0,0,0,0
F-AS 465 (CGM 893),122,4,4,0,0,0,0,0,0,0,0,0,0,5,1,1,0,0,0,0,0,0,0,0,0,0
F-CA Impr. XVI C 4,122,4,4,0,0,0,0,0,0,0,0,0,0,5,1,1,0,0,0,0,0,0,0,0,0,0
F-Pn Latin 15181,122,4,4,0,0,0,0,0,0,0,0,0,0,5,1,1,0,0,0,0,0,0,0,0,0,0
F-TOm 149,122,4,4,0,0,0,0,0,0,0,0,0,0,5,1,1,0,0,0,0,0,0,0,0,0,0
GB-WO F. 160 (olim 1247) (with hymnal),122,4,4,0,0,0,0,0,0,0,0,0,0,5,1,1,0,0,0,0,0,0,0,0,0,0
GB-WO F. 160 (olim 1247) (facsimile),122,4,4,0,0,0,0,0,0,0,0,0,0,5,1,1,0,0,0,0,0,0,0,0,0,0
Cantus MA Impr. 1537,122,4,4,0,0,0,0,0,0,0,0,0,0,5,1,1,0,0,0,0,0,0,0,0,0,0
GB-AB 20541 E,122,4,4,0,0,0,0,0,0,0,0,0,0,5,1,1,0,0,0,0,0,0,0,0,0,0
V-CVbav San Pietro B.79,122,4,4,0,0,0,0,0,0,0,0,0,0,5,1,1,0,0,0,0,0,0,0,0,0,0
GB-Cu Mm.ii.9,122,4,4,0,0,0,0,0,0,0,0,0,0,5,1,1,0,0,0,0,0,0,0,0,0,0
CH-E 611,49,4,4,0,0,0,0,0,0,0,0,0,0,2,1,1,0,0,0,0,0,0,0,0,0,0
D-KA Aug. LX,49,4,4,0,0,0,0,0,0,0,0,0,0,2,1,1,0,0,0,0,0,0,0,0,0,0
D-Sl HB.I.55,49,4,4,0,0,0,0,0,0,0,0,0,0,2,1,1,0,0,0,0,0,0,0,0,0,0
A-KR Schachtel VI/258,49,4,4,0,0,0,0,0,0,0,0,0,0,2,1,1,0,0,0,0,0,0,0,0,0,0
A-SF XI 480,49,4,4,0,0,0,0,0,0,0,0,0,0,2,1,1,0,0,0,0,0,0,0,0,0,0
A-Wda D-4,49,4,4,0,0,0,0,0,0,0,0,0,0,2,1,1,0,0,0,0,0,0,0,0,0,0
A-Wn Cod. 1799**,49,4,4,0,0,0,0,0,0,0,0,0,0,2,1,1,0,0,0,0,0,0,0,0,0,0
CH-Fco Ms. 2,49,4,4,0,0,0,0,0,0,0,0,0,0,2,1,1,0,0,0,0,0,0,0,0,0,0
CH-SGs 388,49,4,4,0,0,0,0,0,0,0,0,0,0,2,1,1,0,0,0,0,0,0,0,0,0,0
CZ-Pst DE I 7,49,4,4,0,0,0,0,0,0,0,0,0,0,2,1,1,0,0,0,0,0,0,0,0,0,0
D-AAm G 20,49,4,4,0,0,0,0,0,0,0,0,0,0,2,1,1,0,0,0,0,0,0,0,0,0,0
D-B Mus. 40047,49,4,4,0,0,0,0,0,0,0,0,0,0,2,1,1,0,0,0,0,0,0,0,0,0,0
D-KNd 215,49,4,4,0,0,0,0,0,0,0,0,0,0,2,1,1,0,0,0,0,0,0,0,0,0,0
D-Ma 12o Cmm 1,49,4,4,0,0,0,0,0,0,0,0,0,0,2,1,1,0,0,0,0,0,0,0,0,0,0
D-Mbs Clm 4306,49,4,4,0,0,0,0,0,0,0,0,0,0,2,1,1,0,0,0,0,0,0,0,0,0,0
E-Bbc M 888,49,4,4,0,0,0,0,0,0,0,0,0,0,2,1,1,0,0,0,0,0,0,0,0,0,0
E-Bbc Ms. 619,49,4,4,0,0,0,0,0,0,0,0,0,0,2,1,1,0,0,0,0,0,0,0,0,0,0
"E-Gs ms. 45 (olim Sant Feliu, 20)",49,4,4,0,0,0,0,0,0,0,0,0,0,2,1,1,0,0,0,0,0,0,0,0,0,0
E-Tc 44.1,49,4,4,0,0,0,0,0,0,0,0,0,0,2,1,1,0,0,0,0,0,0,0,0,0,0
E-Tc 44.2,49,4,4,0,0,0,0,0,0,0,0,0,0,2,1,1,0,0,0,0,0,0,0,0,0,0
F-AI 44,49,4,4,0,0,0,0,0,0,0,0,0,0,2,1,1,0,0,0,0,0,0,0,0,0,0
F-CA 38 (olim 40),49,4,4,0,0,0,0,0,0,0,0,0,0,2,1,1,0,0,0,0,0,0,0,0,0,0
F-Pn Latin 1085,49,4,4,0,0,0,0,0,0,0,0,0,0,2,1,1,0,0,0,0,0,0,0,0,0,0
F-Pn Latin 1090,49,4,4,0,0,0,0,0,0,0,0,0,0,2,1,1,0,0,0,0,0,0,0,0,0,0
F-Pn Latin 12044,49,4,4,0,0,0,0,0,0,0,0,0,0,2,1,1,0,0,0,0,0,0,0,0,0,0
F-Pn Latin 1240,49,4,4,0,0,0,0,0,0,0,0,0,0,2,1,1,0,0,0,0,0,0,0,0,0,0
F-Pn Lat. 17296,49,4,4,0,0,0,0,0,0,0,0,0,0,2,1,1,0,0,0,0,0,0,0,0,0,0
F-Pn NAL 1411,49,4,4,0,0,0,0,0,0,0,0,0,0,2,1,1,0,0,0,0,0,0,0,0,0,0
F-Pn NAL 1535,49,4,4,0,0,0,0,0,0,0,0,0,0,2,1,1,0,0,0,0,0,0,0,0,0,0
F-VAL 114,49,4,4,0,0,0,0,0,0,0,0,0,0,2,1,1,0,0,0,0,0,0,0,0,0,0
GB-Lbl Add MS 30848,49,4,4,0,0,0,0,0,0,0,0,0,0,2,1,1,0,0,0,0,0,0,0,0,0,0
GB-Lbl Add MS 30850,49,4,4,0,0,0,0,0,0,0,0,0,0,2,1,1,0,0,0,0,0,0,0,0,0,0
GB-Ob MS. Canon. Liturg. 202,49,4,4,0,0,0,0,0,0,0,0,0,0,2,1,1,0,0,0,0,0,0,0,0,0,0
GB-Ob MS. Laud Misc. 284,49,4,4,0,0,0,0,0,0,0,0,0,0,2,1,1,0,0,0,0,0,0,0,0,0,0
I-Ac 693,49,4,4,0,0,0,0,0,0,0,0,0,0,2,1,1,0,0,0,0,0,0,0,0,0,0
I-Ac 694,49,4,4,0,0,0,0,0,0,0,0,0,0,2,1,1,0,0,0,0,0,0,0,0,0,0
I-Ad 5,49,4,4,0,0,0,0,0,0,0,0,0,0,2,1,1,0,0,0,0,0,0,0,0,0,0
I-Far s.c.,49,4,4,0,0,0,0,0,0,0,0,0,0,2,1,1,0,0,0,0,0,0,0,0,0,0
I-Fl Conv. sopp. 560,49,4,4,0,0,0,0,0,0,0,0,0,0,2,1,1,0,0,0,0,0,0,0,0,0,0
I-Lc 601,49,4,4,0,0,0,0,0,0,0,0,0,0,2,1,1,0,0,0,0,0,0,0,0,0,0
I-MZ 15/79,49,4,4,0,0,0,0,0,0,0,0,0,0,2,1,1,0,0,0,0,0,0,0,0,0,0
I-Nn vi. E. 20,49,4,4,0,0,0,0,0,0,0,0,0,0,2,1,1,0,0,0,0,0,0,0,0,0,0
I-PCd cod. 65,49,4,4,0,0,0,0,0,0,0,0,0,0,2,1,1,0,0,0,0,0,0,0,0,0,0
I-Rv C.5,49,4,4,0,0,0,0,0,0,0,0,0,0,2,1,1,0,0,0,0,0,0,0,0,0,0
NL-Uu Ms. 406 (shelfmark 3 J 7),49,4,4,0,0,0,0,0,0,0,0,0,0,2,1,1,0,0,0,0,0,0,0,0,0,0
PL-KIk Ms. 1,49,4,4,0,0,0,0,0,0,0,0,0,0,2,1,1,0,0,0,0,0,0,0,0,0,0
PL-Klk 1,49,4,4,0,0,0,0,0,0,0,0,0,0,2,1,1,0,0,0,0,0,0,0,0,0,0
PL-WRu I F 401,49,4,4,0,0,0,0,0,0,0,0,0,0,2,1,1,0,0,0,0,0,0,0,0,0,0
PL-WRu Ms. R 503,49,4,4,0,0,0,0,0,0,0,0,0,0,2,1,1,0,0,0,0,0,0,0,0,0,0
PL-Wn  rps 12720 V,49,4,4,0,0,0,0,0,0,0,0,0,0,2,1,1,0,0,0,0,0,0,0,0,0,0
TR-Itks Deissmann 42,49,4,4,0,0,0,0,0,0,0,0,0,0,2,1,1,0,0,0,0,0,0,0,0,0,0
US-Cn 24,49,4,4,0,0,0,0,0,0,0,0,0,0,2,1,1,0,0,0,0,0,0,0,0,0,0
A-VOR 287 (olim XXIX),49,4,4,0,0,0,0,0,0,0,0,0,0,2,1,1,0,0,0,0,0,0,0,0,0,0
D-BAs Msc.Lit.25 (olim Ed.IV.11),49,4,4,0,0,0,0,0,0,0,0,0,0,2,1,1,0,0,0,0,0,0,0,0,0,0
E-Bbc M 663,49,4,4,0,0,0,0,0,0,0,0,0,0,2,1,1,0,0,0,0,0,0,0,0,0,0
PL-PŁsem MsEPl 12,146,8,4,0,0,0,0,0,0,0,0,0,0,6,3,1,0,0,0,0,0,0,0,0,0,0
SK-Bra BAIII ECLad.6,49,4,4,0,0,0,0,0,0,0,0,0,0,2,1,1,0,0,0,0,0,0,0,0,0,0
V-CVbav lat. 8737,49,4,4,0,0,0,0,0,0,0,0,0,0,2,1,1,0,0,0,0,0,0,0,0,0,0
GB-Lbl Add MS 30849,49,4,4,0,0,0,0,0,0,0,0,0,0,2,1,1,0,0,0,0,0,0,0,0,0,0
I-AO 6,49,4,4,0,0,0,0,0,0,0,0,0,0,2,1,1,0,0,0,0,0,0,0,0,0,0
CDN-Mrb MS Medieval 0234,49,4,4,0,0,0,0,0,0,0,0,0,0,2,1,1,0,0,0,0,0,0,0,0,0,0
E-Bbc M 706,49,4,4,0,0,0,0,0,0,0,0,0,0,2,1,1,0,0,0,0,0,0,0,0,0,0
E-SAu Ms. 2668,49,4,4,0,0,0,0,0,0,0,0,0,0,2,1,1,0,0,0,0,0,0,0,0,0,0
E-Bbc M 662,49,4,4,0,0,0,0,0,0,0,0,0,0,2,1,1,0,0,0,0,0,0,0,0,0,0
F-Pn Lat. 17436,88,4,4,0,0,0,0,0,0,0,0,0,0,4,1,1,0,0,0,0,0,0,0,0,0,0
F-Collection privée Mont-Renaud,88,4,4,0,0,0,0,0,0,0,0,0,0,4,1,1,0,0,0,0,0,0,0,0,0,0
GB-Lbl Egerton 857,88,4,4,0,0,0,0,0,0,0,0,0,0,4,1,1,0,0,0,0,0,0,0,0,0,0
V-CVbav Vat. lat. 5319,88,4,4,0,0,0,0,0,0,0,0,0,0,4,1,1,0,0,0,0,0,0,0,0,0,0
D-Mbs Clm 02541,88,4,4,0,0,0,0,0,0,0,0,0,0,4,1,1,0,0,0,0,0,0,0,0,0,0
F-LA Ms 240,88,4,4,0,0,0,0,0,0,0,0,0,0,4,1,1,0,0,0,0,0,0,0,0,0,0
CH-SGs Cod 338,88,4,4,0,0,0,0,0,0,0,0,0,0,4,1,1,0,0,0,0,0,0,0,0,0,0
CZ-Pn XIV D 12,88,4,4,0,0,0,0,0,0,0,0,0,0,4,1,1,0,0,0,0,0,0,0,0,0,0
E-Mh Cód. 45,88,4,4,0,0,0,0,0,0,0,0,0,0,4,1,1,0,0,0,0,0,0,0,0,0,0
F-AUT Ms S 0012 (11),88,4,4,0,0,0,0,0,0,0,0,0,0,4,1,1,0,0,0,0,0,0,0,0,0,0
F-CA Ms 0060 (61),88,4,4,0,0,0,0,0,0,0,0,0,0,4,1,1,0,0,0,0,0,0,0,0,0,0
F-Pn Lat. 17307,88,4,4,0,0,0,0,0,0,0,0,0,0,4,1,1,0,0,0,0,0,0,0,0,0,0
F-Pn Lat. 909,88,4,4,0,0,0,0,0,0,0,0,0,0,4,1,1,0,0,0,0,0,0,0,0,0,0
NL-Uu Hs. 0062,88,4,4,0,0,0,0,0,0,0,0,0,0,4,1,1,0,0,0,0,0,0,0,0,0,0
V-CVbav Ross.0076,88,4,4,0,0,0,0,0,0,0,0,0,0,4,1,1,0,0,0,0,0,0,0,0,0,0
B-Br Ms II 3823,88,4,4,0,0,0,0,0,0,0,0,0,0,4,1,1,0,0,0,0,0,0,0,0,0,0
CH-E Codex 121,88,4,4,0,0,0,0,0,0,0,0,0,0,4,1,1,0,0,0,0,0,0,0,0,0,0
F-AI Ms 0044,88,4,4,0,0,0,0,0,0,0,0,0,0,4,1,1,0,0,0,0,0,0,0,0,0,0
F-CA Ms 0061 (62),88,4,4,0,0,0,0,0,0,0,0,0,0,4,1,1,0,0,0,0,0,0,0,0,0,0
F-CA Ms 0078 (79),88,4,4,0,0,0,0,0,0,0,0,0,0,4,1,1,0,0,0,0,0,0,0,0,0,0
F-CHRm Ms 0047 (40),88,4,4,0,0,0,0,0,0,0,0,0,0,4,1,1,0,0,0,0,0,0,0,0,0,0
F-Pn Lat. 1121,88,4,4,0,0,0,0,0,0,0,0,0,0,4,1,1,0,0,0,0,0,0,0,0,0,0
F-Pn Lat. 1136,88,4,4,0,0,0,0,0,0,0,0,0,0,4,1,1,0,0,0,0,0,0,0,0,0,0
F-Pn Lat. 12050,88,4,4,0,0,0,0,0,0,0,0,0,0,4,1,1,0,0,0,0,0,0,0,0,0,0
F-Pn NAL 1235,88,4,4,0,0,0,0,0,0,0,0,0,0,4,1,1,0,0,0,0,0,0,0,0,0,0
GB-Lbl Harley 4951,88,4,4,0,0,0,0,0,0,0,0,0,0,4,1,1,0,0,0,0,0,0,0,0,0,0
I-BV 34,88,4,4,0,0,0,0,0,0,0,0,0,0,4,1,1,0,0,0,0,0,0,0,0,0,0
F-Pn Lat. 12584,88,4,4,0,0,0,0,0,0,0,0,0,0,4,1,1,0,0,0,0,0,0,0,0,0,0
D-KNd Ms 1001b,88,4,4,0,0,0,0,0,0,0,0,0,0,4,1,1,0,0,0,0,0,0,0,0,0,0
E-Bbc M 889,88,4,4,0,0,0,0,0,0,0,0,0,0,4,1,1,0,0,0,0,0,0,0,0,0,0
E-Bbc Ms. 1805,88,4,4,0,0,0,0,0,0,0,0,0,0,4,1,1,0,0,0,0,0,0,0,0,0,0
E-Bbc Ms. 3180,88,4,4,0,0,0,0,0,0,0,0,0,0,4,1,1,0,0,0,0,0,0,0,0,0,0
F-LG Ms 0002 (17),88,4,4,0,0,0,0,0,0,0,0,0,0,4,1,1,0,0,0,0,0,0,0,0,0,0
I-BGc MA 150 (Psi III.8),88,4,4,0,0,0,0,0,0,0,0,0,0,4,1,1,0,0,0,0,0,0,0,0,0,0
I-Bc Q 09,88,4,4,0,0,0,0,0,0,0,0,0,0,4,1,1,0,0,0,0,0,0,0,0,0,0
F-Pn Lat. 1087,88,4,4,0,0,0,0,0,0,0,0,0,0,4,1,1,0,0,0,0,0,0,0,0,0,0
I-Tn G.V.20,88,4,4,0,0,0,0,0,0,0,0,0,0,4,1,1,0,0,0,0,0,0,0,0,0,0
E-Mh Cód. 18,88,4,4,0,0,0,0,0,0,0,0,0,0,4,1,1,0,0,0,0,0,0,0,0,0,0
E-Mh Cód. 51,88,4,4,0,0,0,0,0,0,0,0,0,0,4,1,1,0,0,0,0,0,0,0,0,0,0
V-CVbav Vat. lat. 4770,88,4,4,0,0,0,0,0,0,0,0,0,0,4,1,1,0,0,0,0,0,0,0,0,0,0
F-Pn Lat. 9439,88,4,4,0,0,0,0,0,0,0,0,0,0,4,1,1,0,0,0,0,0,0,0,0,0,0
D-KA Lichtenthal 002,88,4,4,0,0,0,0,0,0,0,0,0,0,4,1,1,0,0,0,0,0,0,0,0,0,0
E-Bbc M 1147,88,4,4,0,0,0,0,0,0,0,0,0,0,4,1,1,0,0,0,0,0,0,0,0,0,0
F-G Ms 84 (Ms. 395 Rés.),88,4,4,0,0,0,0,0,0,0,0,0,0,4,1,1,0,0,0,0,0,0,0,0,0,0
F-NS Ms 0004,88,4,4,0,0,0,0,0,0,0,0,0,0,4,1,1,0,0,0,0,0,0,0,0,0,0
F-Pn NAL 1414,88,4,4,0,0,0,0,0,0,0,0,0,0,4,1,1,0,0,0,0,0,0,0,0,0,0
F-Pn NAL 1669,88,4,4,0,0,0,0,0,0,0,0,0,0,4,1,1,0,0,0,0,0,0,0,0,0,0
V-CVbav Archivio di San Pietro F.22,88,4,4,0,0,0,0,0,0,0,0,0,0,4,1,1,0,0,0,0,0,0,0,0,0,0
F-AN Ms 0091,88,4,4,0,0,0,0,0,0,0,0,0,0,4,1,1,0,0,0,0,0,0,0,0,0,0
CZ-Pn XIII B 2,88,4,4,0,0,0,0,0,0,0,0,0,0,4,1,1,0,0,0,0,0,0,0,0,0,0
CZ-Pu XIII A 5c,88,4,4,0,0,0,0,0,0,0,0,0,0,4,1,1,0,0,0,0,0,0,0,0,0,0
CZ-R R 396,88,4,4,0,0,0,0,0,0,0,0,0,0,4,1,1,0,0,0,0,0,0,0,0,0,0
D-B Ms mus 40078,88,4,4,0,0,0,0,0,0,0,0,0,0,4,1,1,0,0,0,0,0,0,0,0,0,0
D-BAa Msc Lit 7,88,4,4,0,0,0,0,0,0,0,0,0,0,4,1,1,0,0,0,0,0,0,0,0,0,0
D-Ful Aa 0006,88,4,4,0,0,0,0,0,0,0,0,0,0,4,1,1,0,0,0,0,0,0,0,0,0,0
E-Bbc M 648,88,4,4,0,0,0,0,0,0,0,0,0,0,4,1,1,0,0,0,0,0,0,0,0,0,0
E-Bbc M 784,88,4,4,0,0,0,0,0,0,0,0,0,0,4,1,1,0,0,0,0,0,0,0,0,0,0
F-LA Ms 239,88,4,4,0,0,0,0,0,0,0,0,0,0,4,1,1,0,0,0,0,0,0,0,0,0,0
F-Pn Lat. 9436,88,4,4,0,0,0,0,0,0,0,0,0,0,4,1,1,0,0,0,0,0,0,0,0,0,0
CH-Cobodmer C 0074,88,4,4,0,0,0,0,0,0,0,0,0,0,4,1,1,0,0,0,0,0,0,0,0,0,0
CH-SGs Cod 340,88,4,4,0,0,0,0,0,0,0,0,0,0,4,1,1,0,0,0,0,0,0,0,0,0,0
CH-SGv VadSlg Ms 0295,88,4,4,0,0,0,0,0,0,0,0,0,0,4,1,1,0,0,0,0,0,0,0,0,0,0
D-BAa Msc Lit 6,88,4,4,0,0,0,0,0,0,0,0,0,0,4,1,1,0,0,0,0,0,0,0,0,0,0
D-DS Hs 1946,88,4,4,0,0,0,0,0,0,0,0,0,0,4,1,1,0,0,0,0,0,0,0,0,0,0
D-Kl Theol. quart 0015,88,4,4,0,0,0,0,0,0,0,0,0,0,4,1,1,0,0,0,0,0,0,0,0,0,0
D-Mbs Clm 03005,88,4,4,0,0,0,0,0,0,0,0,0,0,4,1,1,0,0,0,0,0,0,0,0,0,0
F-AUT Ms S 0010 (8*),88,4,4,0,0,0,0,0,0,0,0,0,0,4,1,1,0,0,0,0,0,0,0,0,0,0
F-CA Ms 0075 (76),88,4,4,0,0,0,0,0,0,0,0,0,0,4,1,1,0,0,0,0,0,0,0,0,0,0
F-LA Ms 118,88,4,4,0,0,0,0,0,0,0,0,0,0,4,1,1,0,0,0,0,0,0,0,0,0,0
F-LA Ms 236,88,4,4,0,0,0,0,0,0,0,0,0,0,4,1,1,0,0,0,0,0,0,0,0,0,0
F-Pm Ms 0384,88,4,4,0,0,0,0,0,0,0,0,0,0,4,1,1,0,0,0,0,0,0,0,0,0,0
F-Pn Lat. 2291,88,4,4,0,0,0,0,0,0,0,0,0,0,4,1,1,0,0,0,0,0,0,0,0,0,0
F-Pn Lat. 9449,88,4,4,0,0,0,0,0,0,0,0,0,0,4,1,1,0,0,0,0,0,0,0,0,0,0
FIN-Hy F.m.I.26,88,4,4,0,0,0,0,0,0,0,0,0,0,4,1,1,0,0,0,0,0,0,0,0,0,0
I-BGc MA 239 (Gamma III.18),88,4,4,0,0,0,0,0,0,0,0,0,0,4,1,1,0,0,0,0,0,0,0,0,0,0
SK-BRnm MUS I 78,88,4,4,0,0,0,0,0,0,0,0,0,0,4,1,1,0,0,0,0,0,0,0,0,0,0
F-Pn Lat. 18010,88,4,4,0,0,0,0,0,0,0,0,0,0,4,1,1,0,0,0,0,0,0,0,0,0,0
F-SEm Ms 018,88,4,4,0,0,0,0,0,0,0,0,0,0,4,1,1,0,0,0,0,0,0,0,0,0,0
F-Togs Ms 001,88,4,4,0,0,0,0,0,0,0,0,0,0,4,1,1,0,0,0,0,0,0,0,0,0,0
Reconstitution Sacramentaire de Tours (TU1),88,4,4,0,0,0,0,0,0,0,0,0,0,4,1,1,0,0,0,0,0,0,0,0,0,0
F-AS Ms 0437 (cat. 1011),88,4,4,0,0,0,0,0,0,0,0,0,0,4,1,1,0,0,0,0,0,0,0,0,0,0
CH-SGs Cod 381,88,4,4,0,0,0,0,0,0,0,0,0,0,4,1,1,0,0,0,0,0,0,0,0,0,0
D-Mbs Clm 14965b,88,4,4,0,0,0,0,0,0,0,0,0,0,4,1,1,0,0,0,0,0,0,0,0,0,0
E-Tc 35.5,88,4,4,0,0,0,0,0,0,0,0,0,0,4,1,1,0,0,0,0,0,0,0,0,0,0
F-Pn Lat. 1134,88,4,4,0,0,0,0,0,0,0,0,0,0,4,1,1,0,0,0,0,0,0,0,0,0,0
F-Pn NAL 1890,88,4,4,0,0,0,0,0,0,0,0,0,0,4,1,1,0,0,0,0,0,0,0,0,0,0
D-BAa Msc Lit 8,88,4,4,0,0,0,0,0,0,0,0,0,0,4,1,1,0,0,0,0,0,0,0,0,0,0
F-Pn Lat. 1133,88,4,4,0,0,0,0,0,0,0,0,0,0,4,1,1,0,0,0,0,0,0,0,0,0,0
E-Mn MSS/10110,88,4,4,0,0,0,0,0,0,0,0,0,0,4,1,1,0,0,0,0,0,0,0,0,0,0
E-Bbc M 1327,4,8,4,0,0,0,0,0,0,0,0,0,0,0,3,1,0,0,0,0,0,0,0,0,0,0
E-SA 6,4,8,4,0,0,0,0,0,0,0,0,0,0,0,3,1,0,0,0,0,0,0,0,0,0,0
V-CVbav Urb. lat. 0602,4,8,4,0,0,0,0,0,0,0,0,0,0,0,3,1,0,0,0,0,0,0,0,0,0,0
F-SO 596,4,8,4,0,0,0,0,0,0,0,0,0,0,0,3,1,0,0,0,0,0,0,0,0,0,0
E-Bbc M 39,4,8,4,0,0,0,0,0,0,0,0,0,0,0,3,1,0,0,0,0,0,0,0,0,0,0
E-Bbc M 40,4,8,4,0,0,0,0,0,0,0,0,0,0,0,3,1,0,0,0,0,0,0,0,0,0,0
F-LA Ms 263,4,8,4,0,0,0,0,0,0,0,0,0,0,0,3,1,0,0,0,0,0,0,0,0,0,0
"GB-Lbl printed book IB.6753 (Augsburg Antiphoner 1495, olim AA Impr. 1495)",4,8,4,0,0,0,0,0,0,0,0,0,0,0,3,1,0,0,0,0,0,0,0,0,0,0
SK-BRsa SNA 17,4,8,4,0,0,0,0,0,0,0,0,0,0,0,3,1,0,0,0,0,0,0,0,0,0,0
CZ-Pu XII E 15c,4,8,4,0,0,0,0,0,0,0,0,0,0,0,3,1,0,0,0,0,0,0,0,0,0,0
E-Lc Ms. LIV,4,8,4,0,0,0,0,0,0,0,0,0,0,0,3,1,0,0,0,0,0,0,0,0,0,0
B-Br Ms IV/473,4,8,4,0,0,0,0,0,0,0,0,0,0,0,3,1,0,0,0,0,0,0,0,0,0,0
E-BAR Caj. 95,4,8,4,0,0,0,0,0,0,0,0,0,0,0,3,1,0,0,0,0,0,0,0,0,0,0
E-TO Ms. 266,4,8,4,0,0,0,0,0,0,0,0,0,0,0,3,1,0,0,0,0,0,0,0,0,0,0
EC-Qsf 18P16,4,8,4,0,0,0,0,0,0,0,0,0,0,0,3,1,0,0,0,0,0,0,0,0,0,0
CZ-Pn II C 7,4,8,4,0,0,0,0,0,0,0,0,0,0,0,3,1,0,0,0,0,0,0,0,0,0,0
E-Tc 73.29,4,8,4,0,0,0,0,0,0,0,0,0,0,0,3,1,0,0,0,0,0,0,0,0,0,0
F-Pn Lat. 10510,4,8,4,0,0,0,0,0,0,0,0,0,0,0,3,1,0,0,0,0,0,0,0,0,0,0
GB-Ob Ms Canon. Liturg. 0342,4,8,4,0,0,0,0,0,0,0,0,0,0,0,3,1,0,0,0,0,0,0,0,0,0,0
SK-BRsa SNA 67,4,8,4,0,0,0,0,0,0,0,0,0,0,0,3,1,0,0,0,0,0,0,0,0,0,0
F-Pn Lat. 1135,4,8,4,0,0,0,0,0,0,0,0,0,0,0,3,1,0,0,0,0,0,0,0,0,0,0
CH-SGs Cod 378,4,8,4,0,0,0,0,0,0,0,0,0,0,0,3,1,0,0,0,0,0,0,0,0,0,0
GB-Ccc Ms 473,4,8,4,0,0,0,0,0,0,0,0,0,0,0,3,1,0,0,0,0,0,0,0,0,0,0
F-Pa Ms 1169,4,8,4,0,0,0,0,0,0,0,0,0,0,0,3,1,0,0,0,0,0,0,0,0,0,0
F-Pn Lat. 9448,4,8,4,0,0,0,0,0,0,0,0,0,0,0,3,1,0,0,0,0,0,0,0,0,0,0
F-Pn Lat. 1118,4,8,4,0,0,0,0,0,0,0,0,0,0,0,3,1,0,0,0,0,0,0,0,0,0,0
GB-Ob Selden Supra 0027,4,8,4,0,0,0,0,0,0,0,0,0,0,0,3,1,0,0,0,0,0,0,0,0,0,0
F-Pn Lat. 13252,4,8,4,0,0,0,0,0,0,0,0,0,0,0,3,1,0,0,0,0,0,0,0,0,0,0
CH-SGs Cod 380,4,8,4,0,0,0,0,0,0,0,0,0,0,0,3,1,0,0,0,0,0,0,0,0,0,0
CH-SGs Cod 484,4,8,4,0,0,0,0,0,0,0,0,0,0,0,3,1,0,0,0,0,0,0,0,0,0,0
F-Pn NAL 495,4,8,4,0,0,0,0,0,0,0,0,0,0,0,3,1,0,0,0,0,0,0,0,0,0,0
CZ-PLm 501 A 001,4,8,4,0,0,0,0,0,0,0,0,0,0,0,3,1,0,0,0,0,0,0,0,0,0,0
CZ-Pn XII B 17,4,8,4,0,0,0,0,0,0,0,0,0,0,0,3,1,0,0,0,0,0,0,0,0,0,0
CZ-Pn XVI A 16,4,8,4,0,0,0,0,0,0,0,0,0,0,0,3,1,0,0,0,0,0,0,0,0,0,0
CZ-Pu 39 D 7,4,8,4,0,0,0,0,0,0,0,0,0,0,0,3,1,0,0,0,0,0,0,0,0,0,0
P-BRs Ms. 032,160,8,4,0,0,0,0,0,0,0,0,0,0,7,3,1,0,0,0,0,0,0,0,0,0,0
P-BRs Ms. 028,160,8,4,0,0,0,0,0,0,0,0,0,0,7,3,1,0,0,0,0,0,0,0,0,0,0
P-Ln RES. 253 P.,160,8,4,0,0,0,0,0,0,0,0,0,0,7,3,1,0,0,0,0,0,0,0,0,0,0
P-AR Res. Ms. 025,160,8,4,0,0,0,0,0,0,0,0,0,0,7,3,1,0,0,0,0,0,0,0,0,0,0
P-EVpc 000,160,8,4,0,0,0,0,0,0,0,0,0,0,7,3,1,0,0,0,0,0,0,0,0,0,0
P-BRs Ms. 034,160,8,4,0,0,0,0,0,0,0,0,0,0,7,3,1,0,0,0,0,0,0,0,0,0,0
P-AR Res. Ms. 021,160,8,4,0,0,0,0,0,0,0,0,0,0,7,3,1,0,0,0,0,0,0,0,0,0,0
P-Cua Cofre 27,160,8,4,0,0,0,0,0,0,0,0,0,0,7,3,1,0,0,0,0,0,0,0,0,0,0
E-SAu Ms 2637,160,8,4,0,0,0,0,0,0,0,0,0,0,7,3,1,0,0,0,0,0,0,0,0,0,0
P-Ln Iluminado 084,160,8,4,0,0,0,0,0,0,0,0,0,0,7,3,1,0,0,0,0,0,0,0,0,0,0
P-G C 1508,160,8,4,0,0,0,0,0,0,0,0,0,0,7,3,1,0,0,0,0,0,0,0,0,0,0
P-AR Res. Ms. 016,160,8,4,0,0,0,0,0,0,0,0,0,0,7,3,1,0,0,0,0,0,0,0,0,0,0
P-VV A.M. D-005,160,8,4,0,0,0,0,0,0,0,0,0,0,7,3,1,0,0,0,0,0,0,0,0,0,0
P-VV A.M. D-008,160,8,4,0,0,0,0,0,0,0,0,0,0,7,3,1,0,0,0,0,0,0,0,0,0,0
P-Ln L.C. 243,160,8,4,0,0,0,0,0,0,0,0,0,0,7,3,1,0,0,0,0,0,0,0,0,0,0
P-Gmas LC 003,160,8,4,0,0,0,0,0,0,0,0,0,0,7,3,1,0,0,0,0,0,0,0,0,0,0
P-Cug MM 0045,160,8,4,0,0,0,0,0,0,0,0,0,0,7,3,1,0,0,0,0,0,0,0,0,0,0
P-EVad Mús. Lit. Ms. n.º 011,160,8,4,0,0,0,0,0,0,0,0,0,0,7,3,1,0,0,0,0,0,0,0,0,0,0
P-VV A.M. D-007,160,8,4,0,0,0,0,0,0,0,0,0,0,7,3,1,0,0,0,0,0,0,0,0,0,0
E-Bbc Ms. 2322,146,8,4,0,0,0,0,0,0,0,0,0,0,6,3,1,0,0,0,0,0,0,0,0,0,0
E-E L. III. 3.,146,8,4,0,0,0,0,0,0,0,0,0,0,6,3,1,0,0,0,0,0,0,0,0,0,0
E-H Ms. 9 (ant. 25),146,8,4,0,0,0,0,0,0,0,0,0,0,6,3,1,0,0,0,0,0,0,0,0,0,0
F-Pn NAL 1412,146,8,4,0,0,0,0,0,0,0,0,0,0,6,3,1,0,0,0,0,0,0,0,0,0,0
Antifonario s.s.,146,8,4,0,0,0,0,0,0,0,0,0,0,6,3,1,0,0,0,0,0,0,0,0,0,0
CZ-Pu VI G 3a,146,8,4,0,0,0,0,0,0,0,0,0,0,6,3,1,0,0,0,0,0,0,0,0,0,0
CZ-Pn (Praha) XII A 21,146,8,4,0,0,0,0,0,0,0,0,0,0,6,3,1,0,0,0,0,0,0,0,0,0,0
NL-DHk 70 E 4,146,8,4,0,0,0,0,0,0,0,0,0,0,6,3,1,0,0,0,0,0,0,0,0,0,0
CZ-Pu (Praha) XII A 9,146,8,4,0,0,0,0,0,0,0,0,0,0,6,3,1,0,0,0,0,0,0,0,0,0,0
DK-Kk Gl. Kgl. S. 3449 8o [13] XIII,146,8,4,0,0,0,0,0,0,0,0,0,0,6,3,1,0,0,0,0,0,0,0,0,0,0
E-MO Ms. 72,146,8,4,0,0,0,0,0,0,0,0,0,0,6,3,1,0,0,0,0,0,0,0,0,0,0
H-Bu lat. 122,146,8,4,0,0,0,0,0,0,0,0,0,0,6,3,1,0,0,0,0,0,0,0,0,0,0
US-NYcubl MS 1,146,8,4,0,0,0,0,0,0,0,0,0,0,6,3,1,0,0,0,0,0,0,0,0,0,0
PL-Kkar Ms.1 (rkp. Perg. 12),146,8,4,0,0,0,0,0,0,0,0,0,0,6,3,1,0,0,0,0,0,0,0,0,0,0
DK-Kk Gl. Kgl. S. 3449 8o [09] IX,146,8,4,0,0,0,0,0,0,0,0,0,0,6,3,1,0,0,0,0,0,0,0,0,0,0
F-R 248 (olim  A. 339),146,8,4,0,0,0,0,0,0,0,0,0,0,6,3,1,0,0,0,0,0,0,0,0,0,0
D-Mbs Clm 4304,146,8,4,0,0,0,0,0,0,0,0,0,0,6,3,1,0,0,0,0,0,0,0,0,0,0
DK-Kk Gl. Kgl. S. 3449 8o [16] XVI,146,8,4,0,0,0,0,0,0,0,0,0,0,6,3,1,0,0,0,0,0,0,0,0,0,0
F-CH Ms 0050,146,8,4,0,0,0,0,0,0,0,0,0,0,6,3,1,0,0,0,0,0,0,0,0,0,0
H-Bu lat. 121,146,8,4,0,0,0,0,0,0,0,0,0,0,6,3,1,0,0,0,0,0,0,0,0,0,0
HR-Hf Cod. E Nr. 3,146,8,4,0,0,0,0,0,0,0,0,0,0,6,3,1,0,0,0,0,0,0,0,0,0,0
PL-Kkar Ms.4 (rkp. Perg. 20),146,8,4,0,0,0,0,0,0,0,0,0,0,6,3,1,0,0,0,0,0,0,0,0,0,0
CZ-Pu VII H 1,146,8,4,0,0,0,0,0,0,0,0,0,0,6,3,1,0,0,0,0,0,0,0,0,0,0
D-MZb E,146,8,4,0,0,0,0,0,0,0,0,0,0,6,3,1,0,0,0,0,0,0,0,0,0,0
D-Mbs Clm 4305,146,8,4,0,0,0,0,0,0,0,0,0,0,6,3,1,0,0,0,0,0,0,0,0,0,0
E-SA 8,146,8,4,0,0,0,0,0,0,0,0,0,0,6,3,1,0,0,0,0,0,0,0,0,0,0
DK-Kk Gl. Kgl. S. 3449 8o [10] X,146,8,4,0,0,0,0,0,0,0,0,0,0,6,3,1,0,0,0,0,0,0,0,0,0,0
CZ-Pu XIV G 46,146,8,4,0,0,0,0,0,0,0,0,0,0,6,3,1,0,0,0,0,0,0,0,0,0,0
DK-Kk Gl. Kgl. S. 3449 8o [12] XII,146,8,4,0,0,0,0,0,0,0,0,0,0,6,3,1,0,0,0,0,0,0,0,0,0,0
DK-Kk Gl. Kgl. S. 3449 8o [14] XIV,146,8,4,0,0,0,0,0,0,0,0,0,0,6,3,1,0,0,0,0,0,0,0,0,0,0
E-SA 7,146,8,4,0,0,0,0,0,0,0,0,0,0,6,3,1,0,0,0,0,0,0,0,0,0,0
US-NYcub Plimpton MS 041,146,8,4,0,0,0,0,0,0,0,0,0,0,6,3,1,0,0,0,0,0,0,0,0,0,0
US-NYcub Plimpton MS 034,146,8,4,0,0,0,0,0,0,0,0,0,0,6,3,1,0,0,0,0,0,0,0,0,0,0
CDN-Mrb MS Medieval 0073,146,8,4,0,0,0,0,0,0,0,0,0,0,6,3,1,0,0,0,0,0,0,0,0,0,0
CZ-Pu XII E 15b,146,8,4,0,0,0,0,0,0,0,0,0,0,6,3,1,0,0,0,0,0,0,0,0,0,0
DK-Kk Gl. Kgl. S. 3449 8o [11] XI,146,8,4,0,0,0,0,0,0,0,0,0,0,6,3,1,0,0,0,0,0,0,0,0,0,0
DK-Kk Gl. Kgl. S. 3449 8o [03] III,146,8,4,0,0,0,0,0,0,0,0,0,0,6,3,1,0,0,0,0,0,0,0,0,0,0
DK-Kk Gl. Kgl. S. 3449 8o [17] XVII,146,8,4,0,0,0,0,0,0,0,0,0,0,6,3,1,0,0,0,0,0,0,0,0,0,0
"E-SC, Codex Calixtinus",146,8,4,0,0,0,0,0,0,0,0,0,0,6,3,1,0,0,0,0,0,0,0,0,0,0
"Zamora, Zamora, Biblioteca Diocesana V/4092",146,8,4,0,0,0,0,0,0,0,0,0,0,6,3,1,0,0,0,0,0,0,0,0,0,0
E-Tsd s s.,146,8,4,0,0,0,0,0,0,0,0,0,0,6,3,1,0,0,0,0,0,0,0,0,0,0
CZ-Pu XXIII D 156,146,8,4,0,0,0,0,0,0,0,0,0,0,6,3,1,0,0,0,0,0,0,0,0,0,0
TR-Itks 42,355,0,2,0,0,0,0,0,0,0,0,0,0,11,0,0,0,0,0,0,0,0,0,0,0,0
A-Wn Cod. 1812,355,0,2,0,0,0,0,0,0,0,0,0,0,11,0,0,0,0,0,0,0,0,0,0,0,0
H-Efkö MS I. 3. c,355,0,2,0,0,0,0,0,0,0,0,0,0,11,0,0,0,0,0,0,0,0,0,0,0,0
TR-Itks 2429,355,0,2,0,0,0,0,0,0,0,0,0,0,11,0,0,0,0,0,0,0,0,0,0,0,0
H-Efkö MS I. 3. a,355,0,2,0,0,0,0,0,0,0,0,0,0,11,0,0,0,0,0,0,0,0,0,0,0,0
H-Efkö MS I. 1 a-b,355,0,2,0,0,0,0,0,0,0,0,0,0,11,0,0,0,0,0,0,0,0,0,0,0,0
RO-Sb Ms. 759,355,0,2,0,0,0,0,0,0,0,0,0,0,11,0,0,0,0,0,0,0,0,0,0,0,0
"SK-BRa EC Lad. 3, EL 18",355,0,2,0,0,0,0,0,0,0,0,0,0,11,0,0,0,0,0,0,0,0,0,0,0,0
"H-Bn Clmae 172a, 172b",355,0,2,0,0,0,0,0,0,0,0,0,0,11,0,0,0,0,0,0,0,0,0,0,0,0
E-LUc s.s.,59,4,4,0,0,0,0,0,0,0,0,0,0,3,1,1,0,0,0,0,0,0,0,0,0,0
D-Mbs Clm 02542,59,4,4,0,0,0,0,0,0,0,0,0,0,3,1,1,0,0,0,0,0,0,0,0,0,0
PL-WRu I F 413,59,4,4,0,0,0,0,0,0,0,0,0,0,3,1,1,0,0,0,0,0,0,0,0,0,0
PL-WRu I F 414,59,4,4,0,0,0,0,0,0,0,0,0,0,3,1,1,0,0,0,0,0,0,0,0,0,0
PL-WRu I F 416,59,4,4,0,0,0,0,0,0,0,0,0,0,3,1,1,0,0,0,0,0,0,0,0,0,0
PL-Wn Rps 12496 IV,59,4,4,0,0,0,0,0,0,0,0,0,0,3,1,1,0,0,0,0,0,0,0,0,0,0
"D-HEu Cod. Sal. X,007",59,4,4,0,0,0,0,0,0,0,0,0,0,3,1,1,0,0,0,0,0,0,0,0,0,0
CH-SGs Cod 342,59,4,4,0,0,0,0,0,0,0,0,0,0,3,1,1,0,0,0,0,0,0,0,0,0,0
D-KWsr Drachenfels-Missale,59,4,4,0,0,0,0,0,0,0,0,0,0,3,1,1,0,0,0,0,0,0,0,0,0,0
F-PR Ms 0012,59,4,4,0,0,0,0,0,0,0,0,0,0,3,1,1,0,0,0,0,0,0,0,0,0,0
F-Pa Ms 0197,59,4,4,0,0,0,0,0,0,0,0,0,0,3,1,1,0,0,0,0,0,0,0,0,0,0
F-Pn Lat. 833,59,4,4,0,0,0,0,0,0,0,0,0,0,3,1,1,0,0,0,0,0,0,0,0,0,0
F-Pn Lat. 904,59,4,4,0,0,0,0,0,0,0,0,0,0,3,1,1,0,0,0,0,0,0,0,0,0,0
A-KN Cod 588,59,4,4,0,0,0,0,0,0,0,0,0,0,3,1,1,0,0,0,0,0,0,0,0,0,0
CH-SGs Cod 376,59,4,4,0,0,0,0,0,0,0,0,0,0,3,1,1,0,0,0,0,0,0,0,0,0,0
SK-Bra BMI EC Lad.3 EL18,59,4,4,0,0,0,0,0,0,0,0,0,0,3,1,1,0,0,0,0,0,0,0,0,0,0
E-Mn Mss/1361,59,4,4,0,0,0,0,0,0,0,0,0,0,3,1,1,0,0,0,0,0,0,0,0,0,0
PL-Wn rps 12722 V,59,4,4,0,0,0,0,0,0,0,0,0,0,3,1,1,0,0,0,0,0,0,0,0,0,0
PL-SAk 40,59,4,4,0,0,0,0,0,0,0,0,0,0,3,1,1,0,0,0,0,0,0,0,0,0,0
CH-ROM Ms. liturg. FiD 5,59,4,4,0,0,0,0,0,0,0,0,0,0,3,1,1,0,0,0,0,0,0,0,0,0,0
CZ-Bm A 7115,59,4,4,0,0,0,0,0,0,0,0,0,0,3,1,1,0,0,0,0,0,0,0,0,0,0
E-Bbc M 785,59,4,4,0,0,0,0,0,0,0,0,0,0,3,1,1,0,0,0,0,0,0,0,0,0,0
NL-Uu Hs. 0415,59,4,4,0,0,0,0,0,0,0,0,0,0,3,1,1,0,0,0,0,0,0,0,0,0,0
PL-WRu I F 411,59,4,4,0,0,0,0,0,0,0,0,0,0,3,1,1,0,0,0,0,0,0,0,0,0,0
A-Gu Ms 0807,59,4,4,0,0,0,0,0,0,0,0,0,0,3,1,1,0,0,0,0,0,0,0,0,0,0
A-KN Cod 73,59,4,4,0,0,0,0,0,0,0,0,0,0,3,1,1,0,0,0,0,0,0,0,0,0,0
CH-P 18,59,4,4,0,0,0,0,0,0,0,0,0,0,3,1,1,0,0,0,0,0,0,0,0,0,0
CZ-R R 418,59,4,4,0,0,0,0,0,0,0,0,0,0,3,1,1,0,0,0,0,0,0,0,0,0,0
SK-BRl Rkp. 387,59,4,4,0,0,0,0,0,0,0,0,0,0,3,1,1,0,0,0,0,0,0,0,0,0,0
SK-Sk Graduale Scepusiense Nr.1,59,4,4,0,0,0,0,0,0,0,0,0,0,3,1,1,0,0,0,0,0,0,0,0,0,0
CH-SGs Cod 374,59,4,4,0,0,0,0,0,0,0,0,0,0,3,1,1,0,0,0,0,0,0,0,0,0,0
PL-Kl RL 1,59,4,4,0,0,0,0,0,0,0,0,0,0,3,1,1,0,0,0,0,0,0,0,0,0,0
CZ-OLu M III 6,59,4,4,0,0,0,0,0,0,0,0,0,0,3,1,1,0,0,0,0,0,0,0,0,0,0
US-NYcub Western MS 097,59,4,4,0,0,0,0,0,0,0,0,0,0,3,1,1,0,0,0,0,0,0,0,0,0,0
D-TRp Hs 187,59,4,4,0,0,0,0,0,0,0,0,0,0,3,1,1,0,0,0,0,0,0,0,0,0,0
F-RS Ms 0264,59,4,4,0,0,0,0,0,0,0,0,0,0,3,1,1,0,0,0,0,0,0,0,0,0,0
A-KN CCl 548,59,4,4,0,0,0,0,0,0,0,0,0,0,3,1,1,0,0,0,0,0,0,0,0,0,0
E-SI MS 6,59,4,4,0,0,0,0,0,0,0,0,0,0,3,1,1,0,0,0,0,0,0,0,0,0,0
D-Sl HB I 246,59,4,4,0,0,0,0,0,0,0,0,0,0,3,1,1,0,0,0,0,0,0,0,0,0,0
CH-SGs Cod 343,59,4,4,0,0,0,0,0,0,0,0,0,0,3,1,1,0,0,0,0,0,0,0,0,0,0
F-CO Ms 0444 (217),59,4,4,0,0,0,0,0,0,0,0,0,0,3,1,1,0,0,0,0,0,0,0,0,0,0
F-SOM Ms 0252,335,5,4,0,0,0,0,0,0,0,0,0,0,10,2,1,0,0,0,0,0,0,0,0,0,0
B-Br Ms 10127-44,335,5,4,0,0,0,0,0,0,0,0,0,0,10,2,1,0,0,0,0,0,0,0,0,0,0
CH-SGs Cod 375,335,5,4,0,0,0,0,0,0,0,0,0,0,10,2,1,0,0,0,0,0,0,0,0,0,0
F-Pa Ms 0135,335,5,4,0,0,0,0,0,0,0,0,0,0,10,2,1,0,0,0,0,0,0,0,0,0,0
F-Pn Lat. 9441,335,5,4,0,0,0,0,0,0,0,0,0,0,10,2,1,0,0,0,0,0,0,0,0,0,0
D-LEu Ms Thomas 391,335,5,4,0,0,0,0,0,0,0,0,0,0,10,2,1,0,0,0,0,0,0,0,0,0,0
GB-Dru Cosin V.V.6,335,5,4,0,0,0,0,0,0,0,0,0,0,10,2,1,0,0,0,0,0,0,0,0,0,0
CH-SGs Cod 339,335,5,4,0,0,0,0,0,0,0,0,0,0,10,2,1,0,0,0,0,0,0,0,0,0,0
D-W Cod Guelf Helmst 1008,335,5,4,0,0,0,0,0,0,0,0,0,0,10,2,1,0,0,0,0,0,0,0,0,0,0
F-Pn Lat. 903,335,5,4,0,0,0,0,0,0,0,0,0,0,10,2,1,0,0,0,0,0,0,0,0,0,0
F-Pn Lat. 780,335,5,4,0,0,0,0,0,0,0,0,0,0,10,2,1,0,0,0,0,0,0,0,0,0,0
D-DS Hs 0545,335,5,4,0,0,0,0,0,0,0,0,0,0,10,2,1,0,0,0,0,0,0,0,0,0,0
US-Baw W.11,335,5,4,0,0,0,0,0,0,0,0,0,0,10,2,1,0,0,0,0,0,0,0,0,0,0
US-PHf Lewis E 158,335,5,4,0,0,0,0,0,0,0,0,0,0,10,2,1,0,0,0,0,0,0,0,0,0,0
F-VN Ms 0759,335,5,4,0,0,0,0,0,0,0,0,0,0,10,2,1,0,0,0,0,0,0,0,0,0,0
GB-Lbl Additional 18032,335,5,4,0,0,0,0,0,0,0,0,0,0,10,2,1,0,0,0,0,0,0,0,0,0,0
F-Pn Lat. 1132,335,5,4,0,0,0,0,0,0,0,0,0,0,10,2,1,0,0,0,0,0,0,0,0,0,0
A-A Cod. 786,335,5,4,0,0,0,0,0,0,0,0,0,0,10,2,1,0,0,0,0,0,0,0,0,0,0
F-VAL Ms 0121,335,5,4,0,0,0,0,0,0,0,0,0,0,10,2,1,0,0,0,0,0,0,0,0,0,0
F-RS Ms 0221,335,5,4,0,0,0,0,0,0,0,0,0,0,10,2,1,0,0,0,0,0,0,0,0,0,0
D-BAa Msc Lit 5,335,5,4,0,0,0,0,0,0,0,0,0,0,10,2,1,0,0,0,0,0,0,0,0,0,0
E-Tc Ms. 33.4,296,8,4,0,0,0,0,0,0,0,0,0,0,9,3,1,0,0,0,0,0,0,0,0,0,0
E-SI MS 3,296,8,4,0,0,0,0,0,0,0,0,0,0,9,3,1,0,0,0,0,0,0,0,0,0,0
E-SI MS 4,296,8,4,0,0,0,0,0,0,0,0,0,0,9,3,1,0,0,0,0,0,0,0,0,0,0
GB-Lbl Add MS 30852,296,8,4,0,0,0,0,0,0,0,0,0,0,9,3,1,0,0,0,0,0,0,0,0,0,0
E-Mh Cod. 56,296,8,4,0,0,0,0,0,0,0,0,0,0,9,3,1,0,0,0,0,0,0,0,0,0,0
E-Tc 35.7,296,8,4,0,0,0,0,0,0,0,0,0,0,9,3,1,0,0,0,0,0,0,0,0,0,0
E-L Ms 8,296,8,4,0,0,0,0,0,0,0,0,0,0,9,3,1,0,0,0,0,0,0,0,0,0,0
GB-Lbl Add MS 30846,296,8,4,0,0,0,0,0,0,0,0,0,0,9,3,1,0,0,0,0,0,0,0,0,0,0
E-Tc 35.4,296,8,4,0,0,0,0,0,0,0,0,0,0,9,3,1,0,0,0,0,0,0,0,0,0,0
E-Mh Cod. 30,296,8,4,0,0,0,0,0,0,0,0,0,0,9,3,1,0,0,0,0,0,0,0,0,0,0
E-Tc 35.6,296,8,4,0,0,0,0,0,0,0,0,0,0,9,3,1,0,0,0,0,0,0,0,0,0,0
GB-Lbl Add MS 30844,296,8,4,0,0,0,0,0,0,0,0,0,0,9,3,1,0,0,0,0,0,0,0,0,0,0
I-VEcap Codex Veronensis LXXXIX,296,8,4,0,0,0,0,0,0,0,0,0,0,9,3,1,0,0,0,0,0,0,0,0,0,0
E-SI MS 7,296,8,4,0,0,0,0,0,0,0,0,0,0,9,3,1,0,0,0,0,0,0,0,0,0,0
GB-Lbl Add MS 30845,296,8,4,0,0,0,0,0,0,0,0,0,0,9,3,1,0,0,0,0,0,0,0,0,0,0
GB-Lbl Add MS 30851,296,8,4,0,0,0,0,0,0,0,0,0,0,9,3,1,0,0,0,0,0,0,0,0,0,0
E-Mn MSS/10001,296,8,4,0,0,0,0,0,0,0,0,0,0,9,3,1,0,0,0,0,0,0,0,0,0,0
