siglum,level_0,level_1,level_2,level_3,level_4,level_5,level_6,level_7,level_8,level_9,level_10,level_11,level0_new,level1_new,level2_new,level3_new,level4_new,level5_new,level6_new,level7_new,level8_new,level9_new,level10_new,level11_new
A-Gu 29 (olim 38/8 f.),86,19,9,2,2,0,0,0,0,0,0,0,2,5,1,1,0,0,0,0,0,0,0,0
CZ-Pu VI.E.4c,86,19,9,2,2,0,0,0,0,0,0,0,2,5,1,1,0,0,0,0,0,0,0,0
CZ-Pu XIV.B.13,86,19,9,2,2,0,0,0,0,0,0,0,2,5,1,1,0,0,0,0,0,0,0,0
D-Sl Cod.Bibl.fol.065,86,19,9,2,2,0,0,0,0,0,0,0,2,5,1,1,0,0,0,0,0,0,0,0
"E-BAR, s.s.",86,19,9,2,2,0,0,0,0,0,0,0,2,5,1,1,0,0,0,0,0,0,0,0
E-Bbc Ms. 2545,86,19,9,2,2,0,0,0,0,0,0,0,2,5,1,1,0,0,0,0,0,0,0,0
E-H Ms. 7 (ant. 5),86,19,9,2,2,0,0,0,0,0,0,0,2,5,1,1,0,0,0,0,0,0,0,0
A-KN CCl 1010,86,19,9,2,2,0,0,0,0,0,0,0,2,5,1,1,0,0,0,0,0,0,0,0
A-KN CCl 1011,86,19,9,2,2,0,0,0,0,0,0,0,2,5,1,1,0,0,0,0,0,0,0,0
A-KN CCl 1015,86,19,9,2,2,0,0,0,0,0,0,0,2,5,1,1,0,0,0,0,0,0,0,0
A-KN CCl 1017,86,19,9,2,2,0,0,0,0,0,0,0,2,5,1,1,0,0,0,0,0,0,0,0
A-Wda C-11,86,19,9,2,2,0,0,0,0,0,0,0,2,5,1,1,0,0,0,0,0,0,0,0
B-TOb 63 (olim V),86,19,9,2,2,0,0,0,0,0,0,0,2,5,1,1,0,0,0,0,0,0,0,0
B-TOb 64 (olim IV),86,19,9,2,2,0,0,0,0,0,0,0,2,5,1,1,0,0,0,0,0,0,0,0
CDN-Hsmu M2149.L4 1554,86,19,9,2,2,0,0,0,0,0,0,0,2,5,1,1,0,0,0,0,0,0,0,0
CH-SGs 390,86,19,9,2,2,0,0,0,0,0,0,0,2,5,1,1,0,0,0,0,0,0,0,0
CZ-Pu Pu XIV A 19,86,19,9,2,2,0,0,0,0,0,0,0,2,5,1,1,0,0,0,0,0,0,0,0
D-KNd 1161,86,19,9,2,2,0,0,0,0,0,0,0,2,5,1,1,0,0,0,0,0,0,0,0
D-MZb A,86,19,9,2,2,0,0,0,0,0,0,0,2,5,1,1,0,0,0,0,0,0,0,0
D-Mbs Clm 4303,86,19,9,2,2,0,0,0,0,0,0,0,2,5,1,1,0,0,0,0,0,0,0,0
DK-Kk Gl. Kgl. S. 3449 8o [02] II,86,19,9,2,2,0,0,0,0,0,0,0,2,5,1,1,0,0,0,0,0,0,0,0
GB-Lbl Add MS 30847,86,19,9,2,2,0,0,0,0,0,0,0,2,5,1,1,0,0,0,0,0,0,0,0
H-Bu lat. 118,86,19,9,2,2,0,0,0,0,0,0,0,2,5,1,1,0,0,0,0,0,0,0,0
HR-Hf Cod. C Nr. 4,86,19,9,2,2,0,0,0,0,0,0,0,2,5,1,1,0,0,0,0,0,0,0,0
I-MC 542,86,19,9,2,2,0,0,0,0,0,0,0,2,5,1,1,0,0,0,0,0,0,0,0
I-VCd CLXX,86,19,9,2,2,0,0,0,0,0,0,0,2,5,1,1,0,0,0,0,0,0,0,0
PL-Kkar Ms.2 (rkp. Perg. 14),86,19,9,2,2,0,0,0,0,0,0,0,2,5,1,1,0,0,0,0,0,0,0,0
PL-Kkar Ms.5 (rkp. Perg. 13),86,19,9,2,2,0,0,0,0,0,0,0,2,5,1,1,0,0,0,0,0,0,0,0
PL-STAb ms. 1,86,19,9,2,2,0,0,0,0,0,0,0,2,5,1,1,0,0,0,0,0,0,0,0
V-CVbav Cappella Sistina 27,86,19,9,2,2,0,0,0,0,0,0,0,2,5,1,1,0,0,0,0,0,0,0,0
CZ-Pn XII A 24,86,19,9,2,2,0,0,0,0,0,0,0,2,5,1,1,0,0,0,0,0,0,0,0
E-VI Mss. 113-114,86,19,9,2,2,0,0,0,0,0,0,0,2,5,1,1,0,0,0,0,0,0,0,0
HR-Hf Cod. D Nr. 5,86,19,9,2,2,0,0,0,0,0,0,0,2,5,1,1,0,0,0,0,0,0,0,0
I-BV V 19,86,19,9,2,2,0,0,0,0,0,0,0,2,5,1,1,0,0,0,0,0,0,0,0
DK-Kk Gl. Kgl. S. 3449 8o [01] I,86,19,9,2,2,0,0,0,0,0,0,0,2,5,1,1,0,0,0,0,0,0,0,0
"E-TZ, Ms. 18",86,19,9,2,2,0,0,0,0,0,0,0,2,5,1,1,0,0,0,0,0,0,0,0
F-Pn Lat. 17991,86,19,9,2,2,0,0,0,0,0,0,0,2,5,1,1,0,0,0,0,0,0,0,0
PL-GD Mar. F 408,86,19,9,2,2,0,0,0,0,0,0,0,2,5,1,1,0,0,0,0,0,0,0,0
DK-Kk Gl. Kgl. S. 3449 8o [15] XV,86,19,9,2,2,0,0,0,0,0,0,0,2,5,1,1,0,0,0,0,0,0,0,0
E-SA 5,86,19,9,2,2,0,0,0,0,0,0,0,2,5,1,1,0,0,0,0,0,0,0,0
F-Pn Lat. 9449,86,19,9,2,2,0,0,0,0,0,0,0,2,5,1,1,0,0,0,0,0,0,0,0
GB-Lbl Additional 18031,86,19,9,2,2,0,0,0,0,0,0,0,2,5,1,1,0,0,0,0,0,0,0,0
A-Gu 30 (olim 38/9 f.),128,2,9,2,2,0,0,0,0,0,0,0,5,1,1,1,0,0,0,0,0,0,0,0
CZ-Pu VI E 13,128,2,9,2,2,0,0,0,0,0,0,0,5,1,1,1,0,0,0,0,0,0,0,0
CZ-Bu R 387,128,2,9,2,2,0,0,0,0,0,0,0,5,1,1,1,0,0,0,0,0,0,0,0
D-Mbs Clm 02542,128,2,9,2,2,0,0,0,0,0,0,0,5,1,1,1,0,0,0,0,0,0,0,0
SK-BRl Rkp. 387,128,2,9,2,2,0,0,0,0,0,0,0,5,1,1,1,0,0,0,0,0,0,0,0
F-RS Ms 0264,128,2,9,2,2,0,0,0,0,0,0,0,5,1,1,1,0,0,0,0,0,0,0,0
D-Sl HB I 246,128,2,9,2,2,0,0,0,0,0,0,0,5,1,1,1,0,0,0,0,0,0,0,0
A-A Cod. 786,128,2,9,2,2,0,0,0,0,0,0,0,5,1,1,1,0,0,0,0,0,0,0,0
F-VAL Ms 0121,128,2,9,2,2,0,0,0,0,0,0,0,5,1,1,1,0,0,0,0,0,0,0,0
GB-Lbl Additional 18032,128,2,9,2,2,0,0,0,0,0,0,0,5,1,1,1,0,0,0,0,0,0,0,0
F-CO Ms 0444 (217),128,2,9,2,2,0,0,0,0,0,0,0,5,1,1,1,0,0,0,0,0,0,0,0
F-RS Ms 0221,128,2,9,2,2,0,0,0,0,0,0,0,5,1,1,1,0,0,0,0,0,0,0,0
F-Pn Lat. 775,128,2,9,2,2,0,0,0,0,0,0,0,5,1,1,1,0,0,0,0,0,0,0,0
A-LIb 290 (olim 183; olim Gamma p 19),402,19,9,2,2,0,0,0,0,0,0,0,15,5,1,1,0,0,0,0,0,0,0,0
A-Wn Cod. 1890,402,19,9,2,2,0,0,0,0,0,0,0,15,5,1,1,0,0,0,0,0,0,0,0
GB-WO F. 160 (olim 1247) (with hymnal),402,19,9,2,2,0,0,0,0,0,0,0,15,5,1,1,0,0,0,0,0,0,0,0
GB-WO F. 160 (olim 1247) (facsimile),402,19,9,2,2,0,0,0,0,0,0,0,15,5,1,1,0,0,0,0,0,0,0,0
CZ-Pu VI G 11,402,19,9,2,2,0,0,0,0,0,0,0,15,5,1,1,0,0,0,0,0,0,0,0
E-SI MS 9,402,19,9,2,2,0,0,0,0,0,0,0,15,5,1,1,0,0,0,0,0,0,0,0
F-AS 465 (CGM 893),402,19,9,2,2,0,0,0,0,0,0,0,15,5,1,1,0,0,0,0,0,0,0,0
GB-AB 20541 E,402,19,9,2,2,0,0,0,0,0,0,0,15,5,1,1,0,0,0,0,0,0,0,0
Cantus MA Impr. 1537,402,19,9,2,2,0,0,0,0,0,0,0,15,5,1,1,0,0,0,0,0,0,0,0
V-CVbav San Pietro B.79,402,19,9,2,2,0,0,0,0,0,0,0,15,5,1,1,0,0,0,0,0,0,0,0
F-CA Impr. XVI C 4,402,19,9,2,2,0,0,0,0,0,0,0,15,5,1,1,0,0,0,0,0,0,0,0
PL-Kkar Ms.4 (rkp. Perg. 20),402,19,9,2,2,0,0,0,0,0,0,0,15,5,1,1,0,0,0,0,0,0,0,0
CH-E 611,104,5,9,2,2,0,0,0,0,0,0,0,3,2,1,1,0,0,0,0,0,0,0,0
D-KA Aug. LX,104,5,9,2,2,0,0,0,0,0,0,0,3,2,1,1,0,0,0,0,0,0,0,0
D-Sl HB.I.55,104,5,9,2,2,0,0,0,0,0,0,0,3,2,1,1,0,0,0,0,0,0,0,0
CZ-Pst DE I 7,104,5,9,2,2,0,0,0,0,0,0,0,3,2,1,1,0,0,0,0,0,0,0,0
F-CA 38 (olim 40),104,5,9,2,2,0,0,0,0,0,0,0,3,2,1,1,0,0,0,0,0,0,0,0
A-SF XI 480,104,5,9,2,2,0,0,0,0,0,0,0,3,2,1,1,0,0,0,0,0,0,0,0
A-VOR 287 (olim XXIX),104,5,9,2,2,0,0,0,0,0,0,0,3,2,1,1,0,0,0,0,0,0,0,0
A-Wn Cod. 1799**,104,5,9,2,2,0,0,0,0,0,0,0,3,2,1,1,0,0,0,0,0,0,0,0
CH-Fco Ms. 2,104,5,9,2,2,0,0,0,0,0,0,0,3,2,1,1,0,0,0,0,0,0,0,0
CH-SGs 388,104,5,9,2,2,0,0,0,0,0,0,0,3,2,1,1,0,0,0,0,0,0,0,0
D-AAm G 20,104,5,9,2,2,0,0,0,0,0,0,0,3,2,1,1,0,0,0,0,0,0,0,0
D-B Mus. 40047,104,5,9,2,2,0,0,0,0,0,0,0,3,2,1,1,0,0,0,0,0,0,0,0
D-BAs Msc.Lit.25 (olim Ed.IV.11),104,5,9,2,2,0,0,0,0,0,0,0,3,2,1,1,0,0,0,0,0,0,0,0
D-KNd 215,104,5,9,2,2,0,0,0,0,0,0,0,3,2,1,1,0,0,0,0,0,0,0,0
D-Ma 12o Cmm 1,104,5,9,2,2,0,0,0,0,0,0,0,3,2,1,1,0,0,0,0,0,0,0,0
D-Mbs Clm 4306,104,5,9,2,2,0,0,0,0,0,0,0,3,2,1,1,0,0,0,0,0,0,0,0
E-Bbc M 663,104,5,9,2,2,0,0,0,0,0,0,0,3,2,1,1,0,0,0,0,0,0,0,0
E-Bbc M 888,104,5,9,2,2,0,0,0,0,0,0,0,3,2,1,1,0,0,0,0,0,0,0,0
E-Bbc Ms. 619,104,5,9,2,2,0,0,0,0,0,0,0,3,2,1,1,0,0,0,0,0,0,0,0
"E-Gs ms. 45 (olim Sant Feliu, 20)",104,5,9,2,2,0,0,0,0,0,0,0,3,2,1,1,0,0,0,0,0,0,0,0
E-Tc 44.1,104,5,9,2,2,0,0,0,0,0,0,0,3,2,1,1,0,0,0,0,0,0,0,0
E-Tc 44.2,104,5,9,2,2,0,0,0,0,0,0,0,3,2,1,1,0,0,0,0,0,0,0,0
F-Pn Latin 1085,104,5,9,2,2,0,0,0,0,0,0,0,3,2,1,1,0,0,0,0,0,0,0,0
F-Pn Latin 1090,104,5,9,2,2,0,0,0,0,0,0,0,3,2,1,1,0,0,0,0,0,0,0,0
F-Pn Latin 12044,104,5,9,2,2,0,0,0,0,0,0,0,3,2,1,1,0,0,0,0,0,0,0,0
F-Pn Lat. 17296,104,5,9,2,2,0,0,0,0,0,0,0,3,2,1,1,0,0,0,0,0,0,0,0
F-VAL 114,104,5,9,2,2,0,0,0,0,0,0,0,3,2,1,1,0,0,0,0,0,0,0,0
GB-Lbl Add MS 30848,104,5,9,2,2,0,0,0,0,0,0,0,3,2,1,1,0,0,0,0,0,0,0,0
GB-Lbl Add MS 30850,104,5,9,2,2,0,0,0,0,0,0,0,3,2,1,1,0,0,0,0,0,0,0,0
GB-Ob MS. Canon. Liturg. 202,104,5,9,2,2,0,0,0,0,0,0,0,3,2,1,1,0,0,0,0,0,0,0,0
GB-Ob MS. Laud Misc. 284,104,5,9,2,2,0,0,0,0,0,0,0,3,2,1,1,0,0,0,0,0,0,0,0
I-Ac 693,104,5,9,2,2,0,0,0,0,0,0,0,3,2,1,1,0,0,0,0,0,0,0,0
I-Ac 694,104,5,9,2,2,0,0,0,0,0,0,0,3,2,1,1,0,0,0,0,0,0,0,0
I-Ad 5,104,5,9,2,2,0,0,0,0,0,0,0,3,2,1,1,0,0,0,0,0,0,0,0
I-Far s.c.,104,5,9,2,2,0,0,0,0,0,0,0,3,2,1,1,0,0,0,0,0,0,0,0
I-Fl Conv. sopp. 560,104,5,9,2,2,0,0,0,0,0,0,0,3,2,1,1,0,0,0,0,0,0,0,0
I-Lc 601,104,5,9,2,2,0,0,0,0,0,0,0,3,2,1,1,0,0,0,0,0,0,0,0
I-MZ 15/79,104,5,9,2,2,0,0,0,0,0,0,0,3,2,1,1,0,0,0,0,0,0,0,0
I-Nn vi. E. 20,104,5,9,2,2,0,0,0,0,0,0,0,3,2,1,1,0,0,0,0,0,0,0,0
I-PCd cod. 65,104,5,9,2,2,0,0,0,0,0,0,0,3,2,1,1,0,0,0,0,0,0,0,0
I-Rv C.5,104,5,9,2,2,0,0,0,0,0,0,0,3,2,1,1,0,0,0,0,0,0,0,0
NL-Uu Ms. 406 (shelfmark 3 J 7),104,5,9,2,2,0,0,0,0,0,0,0,3,2,1,1,0,0,0,0,0,0,0,0
PL-KIk Ms. 1,104,5,9,2,2,0,0,0,0,0,0,0,3,2,1,1,0,0,0,0,0,0,0,0
PL-Klk 1,104,5,9,2,2,0,0,0,0,0,0,0,3,2,1,1,0,0,0,0,0,0,0,0
PL-PŁsem MsEPl 12,287,0,9,2,2,0,0,0,0,0,0,0,12,0,1,1,0,0,0,0,0,0,0,0
PL-WRu I F 401,104,5,9,2,2,0,0,0,0,0,0,0,3,2,1,1,0,0,0,0,0,0,0,0
PL-WRu Ms. R 503,104,5,9,2,2,0,0,0,0,0,0,0,3,2,1,1,0,0,0,0,0,0,0,0
PL-Wn  rps 12720 V,104,5,9,2,2,0,0,0,0,0,0,0,3,2,1,1,0,0,0,0,0,0,0,0
SK-Bra BAIII ECLad.6,104,5,9,2,2,0,0,0,0,0,0,0,3,2,1,1,0,0,0,0,0,0,0,0
TR-Itks Deissmann 42,104,5,9,2,2,0,0,0,0,0,0,0,3,2,1,1,0,0,0,0,0,0,0,0
US-Cn 24,104,5,9,2,2,0,0,0,0,0,0,0,3,2,1,1,0,0,0,0,0,0,0,0
V-CVbav lat. 8737,104,5,9,2,2,0,0,0,0,0,0,0,3,2,1,1,0,0,0,0,0,0,0,0
A-Wda D-4,104,5,9,2,2,0,0,0,0,0,0,0,3,2,1,1,0,0,0,0,0,0,0,0
A-KR Schachtel VI/258,104,5,9,2,2,0,0,0,0,0,0,0,3,2,1,1,0,0,0,0,0,0,0,0
F-Pn NAL 1411,104,5,9,2,2,0,0,0,0,0,0,0,3,2,1,1,0,0,0,0,0,0,0,0
F-Pn NAL 1535,104,5,9,2,2,0,0,0,0,0,0,0,3,2,1,1,0,0,0,0,0,0,0,0
GB-Cu Mm.ii.9,104,5,9,2,2,0,0,0,0,0,0,0,3,2,1,1,0,0,0,0,0,0,0,0
GB-Lbl Add MS 30849,104,5,9,2,2,0,0,0,0,0,0,0,3,2,1,1,0,0,0,0,0,0,0,0
I-AO 6,104,5,9,2,2,0,0,0,0,0,0,0,3,2,1,1,0,0,0,0,0,0,0,0
CDN-Mrb MS Medieval 0234,104,5,9,2,2,0,0,0,0,0,0,0,3,2,1,1,0,0,0,0,0,0,0,0
CZ-Pu XIV C 20,219,0,9,2,2,0,0,0,0,0,0,0,8,0,1,1,0,0,0,0,0,0,0,0
SK-Sk 2,219,0,9,2,2,0,0,0,0,0,0,0,8,0,1,1,0,0,0,0,0,0,0,0
D-W Cod. Guelf. 28 Helmst. (Heinemann-Nr. 31),219,0,9,2,2,0,0,0,0,0,0,0,8,0,1,1,0,0,0,0,0,0,0,0
SI-Lna 19 (olim 18),219,0,9,2,2,0,0,0,0,0,0,0,8,0,1,1,0,0,0,0,0,0,0,0
F-Pn Latin 15182,219,0,9,2,2,0,0,0,0,0,0,0,8,0,1,1,0,0,0,0,0,0,0,0
F-Pn Lat. 1030,219,0,9,2,2,0,0,0,0,0,0,0,8,0,1,1,0,0,0,0,0,0,0,0
CZ-R R 17,219,0,9,2,2,0,0,0,0,0,0,0,8,0,1,1,0,0,0,0,0,0,0,0
SK-Bra BAI ECLad.3,219,0,9,2,2,0,0,0,0,0,0,0,8,0,1,1,0,0,0,0,0,0,0,0
D-MZb D,219,0,9,2,2,0,0,0,0,0,0,0,8,0,1,1,0,0,0,0,0,0,0,0
F-Pn Latin 12601,219,0,9,2,2,0,0,0,0,0,0,0,8,0,1,1,0,0,0,0,0,0,0,0
A-KN CCl 1012,219,0,9,2,2,0,0,0,0,0,0,0,8,0,1,1,0,0,0,0,0,0,0,0
CZ-Pu XII C 3,219,0,9,2,2,0,0,0,0,0,0,0,8,0,1,1,0,0,0,0,0,0,0,0
CZ-Pu XIII C 4,219,0,9,2,2,0,0,0,0,0,0,0,8,0,1,1,0,0,0,0,0,0,0,0
PL-Kkar Ms.1 (rkp. Perg. 12),219,0,9,2,2,0,0,0,0,0,0,0,8,0,1,1,0,0,0,0,0,0,0,0
CZ-Pn XV A 10,10,19,9,2,2,0,0,0,0,0,0,0,0,5,1,1,0,0,0,0,0,0,0,0
E-H Ms. 2,10,19,9,2,2,0,0,0,0,0,0,0,0,5,1,1,0,0,0,0,0,0,0,0
F-TOm 149,10,19,9,2,2,0,0,0,0,0,0,0,0,5,1,1,0,0,0,0,0,0,0,0
SK-BRsa SNA 2,10,19,9,2,2,0,0,0,0,0,0,0,0,5,1,1,0,0,0,0,0,0,0,0
A-KN CCl 1013,10,19,9,2,2,0,0,0,0,0,0,0,0,5,1,1,0,0,0,0,0,0,0,0
AUS-Sfl Add. Ms. 413 (olim Add. Ms. Fol.1),10,19,9,2,2,0,0,0,0,0,0,0,0,5,1,1,0,0,0,0,0,0,0,0
D-B Theol. Lat. Qu. 149,10,19,9,2,2,0,0,0,0,0,0,0,0,5,1,1,0,0,0,0,0,0,0,0
D-W Cod. Guelf. 29 Helmst. (Heinemann-Nr. 32),10,19,9,2,2,0,0,0,0,0,0,0,0,5,1,1,0,0,0,0,0,0,0,0
F-AI 44,10,19,9,2,2,0,0,0,0,0,0,0,0,5,1,1,0,0,0,0,0,0,0,0
F-Pn Latin 1240,10,19,9,2,2,0,0,0,0,0,0,0,0,5,1,1,0,0,0,0,0,0,0,0
F-Pn Latin 15181,10,19,9,2,2,0,0,0,0,0,0,0,0,5,1,1,0,0,0,0,0,0,0,0
F-Pn NAL 1236,10,19,9,2,2,0,0,0,0,0,0,0,0,5,1,1,0,0,0,0,0,0,0,0
SI-Lna 18 (olim 17),10,19,9,2,2,0,0,0,0,0,0,0,0,5,1,1,0,0,0,0,0,0,0,0
SK-BRsa SNA 4,10,19,9,2,2,0,0,0,0,0,0,0,0,5,1,1,0,0,0,0,0,0,0,0
CDN-Ttfl MSS 09700,10,19,9,2,2,0,0,0,0,0,0,0,0,5,1,1,0,0,0,0,0,0,0,0
D-MZb B,10,19,9,2,2,0,0,0,0,0,0,0,0,5,1,1,0,0,0,0,0,0,0,0
Cantus GOTTSCHALK,10,19,9,2,2,0,0,0,0,0,0,0,0,5,1,1,0,0,0,0,0,0,0,0
I-CHV s.c.,10,19,9,2,2,0,0,0,0,0,0,0,0,5,1,1,0,0,0,0,0,0,0,0
E-Bbc M 705,10,19,9,2,2,0,0,0,0,0,0,0,0,5,1,1,0,0,0,0,0,0,0,0
E-Bbc M 706,10,19,9,2,2,0,0,0,0,0,0,0,0,5,1,1,0,0,0,0,0,0,0,0
P-BRs Ms. 028,287,0,9,2,2,0,0,0,0,0,0,0,12,0,1,1,0,0,0,0,0,0,0,0
E-Bbc Ms. 2322,287,0,9,2,2,0,0,0,0,0,0,0,12,0,1,1,0,0,0,0,0,0,0,0
E-E L. III. 3.,287,0,9,2,2,0,0,0,0,0,0,0,12,0,1,1,0,0,0,0,0,0,0,0
E-H Ms. 9 (ant. 25),287,0,9,2,2,0,0,0,0,0,0,0,12,0,1,1,0,0,0,0,0,0,0,0
F-Pn NAL 1412,287,0,9,2,2,0,0,0,0,0,0,0,12,0,1,1,0,0,0,0,0,0,0,0
P-AR Res. Ms. 025,287,0,9,2,2,0,0,0,0,0,0,0,12,0,1,1,0,0,0,0,0,0,0,0
Antifonario s.s.,287,0,9,2,2,0,0,0,0,0,0,0,12,0,1,1,0,0,0,0,0,0,0,0
CZ-Pu XII D 9,287,0,9,2,2,0,0,0,0,0,0,0,12,0,1,1,0,0,0,0,0,0,0,0
E-E L. III. 4.,287,0,9,2,2,0,0,0,0,0,0,0,12,0,1,1,0,0,0,0,0,0,0,0
E-LUc s.s.,287,0,9,2,2,0,0,0,0,0,0,0,12,0,1,1,0,0,0,0,0,0,0,0
CZ-Pu VI G 3a,287,0,9,2,2,0,0,0,0,0,0,0,12,0,1,1,0,0,0,0,0,0,0,0
CZ-Pn (Praha) XII A 21,287,0,9,2,2,0,0,0,0,0,0,0,12,0,1,1,0,0,0,0,0,0,0,0
NL-DHk 70 E 4,287,0,9,2,2,0,0,0,0,0,0,0,12,0,1,1,0,0,0,0,0,0,0,0
CZ-Pu (Praha) XII A 9,287,0,9,2,2,0,0,0,0,0,0,0,12,0,1,1,0,0,0,0,0,0,0,0
DK-Kk Gl. Kgl. S. 3449 8o [13] XIII,287,0,9,2,2,0,0,0,0,0,0,0,12,0,1,1,0,0,0,0,0,0,0,0
H-Bu lat. 122,287,0,9,2,2,0,0,0,0,0,0,0,12,0,1,1,0,0,0,0,0,0,0,0
US-NYcubl MS 1,287,0,9,2,2,0,0,0,0,0,0,0,12,0,1,1,0,0,0,0,0,0,0,0
V-CVbav Reg.lat.0466,287,0,9,2,2,0,0,0,0,0,0,0,12,0,1,1,0,0,0,0,0,0,0,0
DK-Kk Gl. Kgl. S. 3449 8o [09] IX,287,0,9,2,2,0,0,0,0,0,0,0,12,0,1,1,0,0,0,0,0,0,0,0
E-LEc ms. 35 (olim ms. 18),287,0,9,2,2,0,0,0,0,0,0,0,12,0,1,1,0,0,0,0,0,0,0,0
F-R 248 (olim  A. 339),287,0,9,2,2,0,0,0,0,0,0,0,12,0,1,1,0,0,0,0,0,0,0,0
GB-Lbl Harley 1117,287,0,9,2,2,0,0,0,0,0,0,0,12,0,1,1,0,0,0,0,0,0,0,0
D-Mbs Clm 4304,287,0,9,2,2,0,0,0,0,0,0,0,12,0,1,1,0,0,0,0,0,0,0,0
DK-Kk Gl. Kgl. S. 3449 8o [16] XVI,287,0,9,2,2,0,0,0,0,0,0,0,12,0,1,1,0,0,0,0,0,0,0,0
E-Bbc M 1327,287,0,9,2,2,0,0,0,0,0,0,0,12,0,1,1,0,0,0,0,0,0,0,0
F-CH Ms 0050,287,0,9,2,2,0,0,0,0,0,0,0,12,0,1,1,0,0,0,0,0,0,0,0
H-Bu lat. 121,287,0,9,2,2,0,0,0,0,0,0,0,12,0,1,1,0,0,0,0,0,0,0,0
HR-Hf Cod. E Nr. 3,287,0,9,2,2,0,0,0,0,0,0,0,12,0,1,1,0,0,0,0,0,0,0,0
CZ-Pu VII H 1,287,0,9,2,2,0,0,0,0,0,0,0,12,0,1,1,0,0,0,0,0,0,0,0
CZ-Pu XII E 15c,287,0,9,2,2,0,0,0,0,0,0,0,12,0,1,1,0,0,0,0,0,0,0,0
D-MZb E,287,0,9,2,2,0,0,0,0,0,0,0,12,0,1,1,0,0,0,0,0,0,0,0
D-Mbs Clm 4305,287,0,9,2,2,0,0,0,0,0,0,0,12,0,1,1,0,0,0,0,0,0,0,0
E-SA 8,287,0,9,2,2,0,0,0,0,0,0,0,12,0,1,1,0,0,0,0,0,0,0,0
DK-Kk Gl. Kgl. S. 3449 8o [10] X,287,0,9,2,2,0,0,0,0,0,0,0,12,0,1,1,0,0,0,0,0,0,0,0
CZ-Pu XIV G 46,287,0,9,2,2,0,0,0,0,0,0,0,12,0,1,1,0,0,0,0,0,0,0,0
E-Bbc M 3701,287,0,9,2,2,0,0,0,0,0,0,0,12,0,1,1,0,0,0,0,0,0,0,0
DK-Kk Gl. Kgl. S. 3449 8o [12] XII,287,0,9,2,2,0,0,0,0,0,0,0,12,0,1,1,0,0,0,0,0,0,0,0
F-SO Ms 0334,287,0,9,2,2,0,0,0,0,0,0,0,12,0,1,1,0,0,0,0,0,0,0,0
E-SA 7,287,0,9,2,2,0,0,0,0,0,0,0,12,0,1,1,0,0,0,0,0,0,0,0
US-NYcub Plimpton MS 041,287,0,9,2,2,0,0,0,0,0,0,0,12,0,1,1,0,0,0,0,0,0,0,0
P-AR Res. L 005,287,0,9,2,2,0,0,0,0,0,0,0,12,0,1,1,0,0,0,0,0,0,0,0
CDN-Mrb MS Medieval 0073,287,0,9,2,2,0,0,0,0,0,0,0,12,0,1,1,0,0,0,0,0,0,0,0
CZ-Pu XII E 15b,287,0,9,2,2,0,0,0,0,0,0,0,12,0,1,1,0,0,0,0,0,0,0,0
E-BAR Caj. 95,287,0,9,2,2,0,0,0,0,0,0,0,12,0,1,1,0,0,0,0,0,0,0,0
DK-Kk Gl. Kgl. S. 3449 8o [11] XI,287,0,9,2,2,0,0,0,0,0,0,0,12,0,1,1,0,0,0,0,0,0,0,0
"D-TRb Abt. 95, Nr. 5",287,0,9,2,2,0,0,0,0,0,0,0,12,0,1,1,0,0,0,0,0,0,0,0
DK-Kk Gl. Kgl. S. 3449 8o [17] XVII,287,0,9,2,2,0,0,0,0,0,0,0,12,0,1,1,0,0,0,0,0,0,0,0
"E-SC, Codex Calixtinus",287,0,9,2,2,0,0,0,0,0,0,0,12,0,1,1,0,0,0,0,0,0,0,0
E-Bbc M 785,287,0,9,2,2,0,0,0,0,0,0,0,12,0,1,1,0,0,0,0,0,0,0,0
"Zamora, Zamora, Biblioteca Diocesana V/4092",287,0,9,2,2,0,0,0,0,0,0,0,12,0,1,1,0,0,0,0,0,0,0,0
E-Tsd s s.,287,0,9,2,2,0,0,0,0,0,0,0,12,0,1,1,0,0,0,0,0,0,0,0
CZ-Pu XXIII D 156,287,0,9,2,2,0,0,0,0,0,0,0,12,0,1,1,0,0,0,0,0,0,0,0
US-STu MSS CODEX 0734 FF,287,0,9,2,2,0,0,0,0,0,0,0,12,0,1,1,0,0,0,0,0,0,0,0
D-WIl Hs. 2,287,0,9,2,2,0,0,0,0,0,0,0,12,0,1,1,0,0,0,0,0,0,0,0
E-H 1530,287,0,9,2,2,0,0,0,0,0,0,0,12,0,1,1,0,0,0,0,0,0,0,0
E-Tc Ms. 39.12,287,0,9,2,2,0,0,0,0,0,0,0,12,0,1,1,0,0,0,0,0,0,0,0
P-EVad Mús. Lit. Ms. n.º 011,287,0,9,2,2,0,0,0,0,0,0,0,12,0,1,1,0,0,0,0,0,0,0,0
US-NYhsa B2916,287,0,9,2,2,0,0,0,0,0,0,0,12,0,1,1,0,0,0,0,0,0,0,0
E-SI MS 5,287,0,9,2,2,0,0,0,0,0,0,0,12,0,1,1,0,0,0,0,0,0,0,0
CZ-Pu 59 R 5116,287,0,9,2,2,0,0,0,0,0,0,0,12,0,1,1,0,0,0,0,0,0,0,0
P-Ln RES. 253 P.,165,0,9,2,2,0,0,0,0,0,0,0,6,0,1,1,0,0,0,0,0,0,0,0
P-EVpc 000,165,0,9,2,2,0,0,0,0,0,0,0,6,0,1,1,0,0,0,0,0,0,0,0
P-BRs Ms. 034,165,0,9,2,2,0,0,0,0,0,0,0,6,0,1,1,0,0,0,0,0,0,0,0
P-AR Res. Ms. 021,165,0,9,2,2,0,0,0,0,0,0,0,6,0,1,1,0,0,0,0,0,0,0,0
P-BRs Ms. 032,165,0,9,2,2,0,0,0,0,0,0,0,6,0,1,1,0,0,0,0,0,0,0,0
P-Cua Cofre 27,165,0,9,2,2,0,0,0,0,0,0,0,6,0,1,1,0,0,0,0,0,0,0,0
P-VV A.M. D-001,165,0,9,2,2,0,0,0,0,0,0,0,6,0,1,1,0,0,0,0,0,0,0,0
P-Cug MM 1063 (39) + MM 1063 (40) + MM 1063 (44),165,0,9,2,2,0,0,0,0,0,0,0,6,0,1,1,0,0,0,0,0,0,0,0
E-SAu Ms 2637,165,0,9,2,2,0,0,0,0,0,0,0,6,0,1,1,0,0,0,0,0,0,0,0
P-Ln Iluminado 084,165,0,9,2,2,0,0,0,0,0,0,0,6,0,1,1,0,0,0,0,0,0,0,0
E-Sco Libro 031,165,0,9,2,2,0,0,0,0,0,0,0,6,0,1,1,0,0,0,0,0,0,0,0
P-G C 1508,165,0,9,2,2,0,0,0,0,0,0,0,6,0,1,1,0,0,0,0,0,0,0,0
P-AR Res. Ms. 016,165,0,9,2,2,0,0,0,0,0,0,0,6,0,1,1,0,0,0,0,0,0,0,0
P-VV A.M. D-005,165,0,9,2,2,0,0,0,0,0,0,0,6,0,1,1,0,0,0,0,0,0,0,0
P-Cua Estante XVI tab 5 no 5,165,0,9,2,2,0,0,0,0,0,0,0,6,0,1,1,0,0,0,0,0,0,0,0
P-VV A.M. D-008,165,0,9,2,2,0,0,0,0,0,0,0,6,0,1,1,0,0,0,0,0,0,0,0
P-Ln L.C. 243,165,0,9,2,2,0,0,0,0,0,0,0,6,0,1,1,0,0,0,0,0,0,0,0
P-Gmas LC 003,165,0,9,2,2,0,0,0,0,0,0,0,6,0,1,1,0,0,0,0,0,0,0,0
P-Cug MM 0045,165,0,9,2,2,0,0,0,0,0,0,0,6,0,1,1,0,0,0,0,0,0,0,0
P-VV A.M. D-007,165,0,9,2,2,0,0,0,0,0,0,0,6,0,1,1,0,0,0,0,0,0,0,0
P-VV A.M. D-010,165,0,9,2,2,0,0,0,0,0,0,0,6,0,1,1,0,0,0,0,0,0,0,0
A-KN CCl. 272,120,2,9,2,2,0,0,0,0,0,0,0,4,1,1,1,0,0,0,0,0,0,0,0
E-SA 6,120,2,9,2,2,0,0,0,0,0,0,0,4,1,1,1,0,0,0,0,0,0,0,0
V-CVbav Urb. lat. 0602,120,2,9,2,2,0,0,0,0,0,0,0,4,1,1,1,0,0,0,0,0,0,0,0
E-Bbc M 39,120,2,9,2,2,0,0,0,0,0,0,0,4,1,1,1,0,0,0,0,0,0,0,0
E-Bbc M 40,120,2,9,2,2,0,0,0,0,0,0,0,4,1,1,1,0,0,0,0,0,0,0,0
F-LA Ms 263,120,2,9,2,2,0,0,0,0,0,0,0,4,1,1,1,0,0,0,0,0,0,0,0
"GB-Lbl printed book IB.6753 (Augsburg Antiphoner 1495, olim AA Impr. 1495)",120,2,9,2,2,0,0,0,0,0,0,0,4,1,1,1,0,0,0,0,0,0,0,0
SK-BRsa SNA 17,120,2,9,2,2,0,0,0,0,0,0,0,4,1,1,1,0,0,0,0,0,0,0,0
E-Tc Ms. 33.4,120,2,9,2,2,0,0,0,0,0,0,0,4,1,1,1,0,0,0,0,0,0,0,0
F-SO 596,120,2,9,2,2,0,0,0,0,0,0,0,4,1,1,1,0,0,0,0,0,0,0,0
E-Bbc M 1696/a,120,2,9,2,2,0,0,0,0,0,0,0,4,1,1,1,0,0,0,0,0,0,0,0
DK-Kk Gl. Kgl. S. 3449 8o [14] XIV,120,2,9,2,2,0,0,0,0,0,0,0,4,1,1,1,0,0,0,0,0,0,0,0
E-Lc Ms. LIV,120,2,9,2,2,0,0,0,0,0,0,0,4,1,1,1,0,0,0,0,0,0,0,0
B-Br Ms IV/473,120,2,9,2,2,0,0,0,0,0,0,0,4,1,1,1,0,0,0,0,0,0,0,0
E-TO Ms. 266,120,2,9,2,2,0,0,0,0,0,0,0,4,1,1,1,0,0,0,0,0,0,0,0
EC-Qsf 18P16,120,2,9,2,2,0,0,0,0,0,0,0,4,1,1,1,0,0,0,0,0,0,0,0
CZ-Pn II C 7,120,2,9,2,2,0,0,0,0,0,0,0,4,1,1,1,0,0,0,0,0,0,0,0
E-Tc 73.29,120,2,9,2,2,0,0,0,0,0,0,0,4,1,1,1,0,0,0,0,0,0,0,0
F-Pn Lat. 10510,120,2,9,2,2,0,0,0,0,0,0,0,4,1,1,1,0,0,0,0,0,0,0,0
GB-Ob Ms Canon. Liturg. 0342,120,2,9,2,2,0,0,0,0,0,0,0,4,1,1,1,0,0,0,0,0,0,0,0
CDN-Tu E-4 138,120,2,9,2,2,0,0,0,0,0,0,0,4,1,1,1,0,0,0,0,0,0,0,0
SK-BRsa SNA 67,120,2,9,2,2,0,0,0,0,0,0,0,4,1,1,1,0,0,0,0,0,0,0,0
F-Pn Lat. 1135,120,2,9,2,2,0,0,0,0,0,0,0,4,1,1,1,0,0,0,0,0,0,0,0
F-Pn Lat. 1139,120,2,9,2,2,0,0,0,0,0,0,0,4,1,1,1,0,0,0,0,0,0,0,0
CH-SGs Cod 378,120,2,9,2,2,0,0,0,0,0,0,0,4,1,1,1,0,0,0,0,0,0,0,0
GB-Ccc Ms 473,120,2,9,2,2,0,0,0,0,0,0,0,4,1,1,1,0,0,0,0,0,0,0,0
CH-SGs Cod 382,120,2,9,2,2,0,0,0,0,0,0,0,4,1,1,1,0,0,0,0,0,0,0,0
F-Pa Ms 1169,120,2,9,2,2,0,0,0,0,0,0,0,4,1,1,1,0,0,0,0,0,0,0,0
F-Pn Lat. 9448,120,2,9,2,2,0,0,0,0,0,0,0,4,1,1,1,0,0,0,0,0,0,0,0
E-Bbc M 1325,120,2,9,2,2,0,0,0,0,0,0,0,4,1,1,1,0,0,0,0,0,0,0,0
F-Pn Lat. 1118,120,2,9,2,2,0,0,0,0,0,0,0,4,1,1,1,0,0,0,0,0,0,0,0
GB-Ob Selden Supra 0027,120,2,9,2,2,0,0,0,0,0,0,0,4,1,1,1,0,0,0,0,0,0,0,0
F-Pn Lat. 13252,120,2,9,2,2,0,0,0,0,0,0,0,4,1,1,1,0,0,0,0,0,0,0,0
CH-SGs Cod 380,120,2,9,2,2,0,0,0,0,0,0,0,4,1,1,1,0,0,0,0,0,0,0,0
CH-SGs Cod 484,120,2,9,2,2,0,0,0,0,0,0,0,4,1,1,1,0,0,0,0,0,0,0,0
F-Pn NAL 495,120,2,9,2,2,0,0,0,0,0,0,0,4,1,1,1,0,0,0,0,0,0,0,0
EC-Qsf 4,120,2,9,2,2,0,0,0,0,0,0,0,4,1,1,1,0,0,0,0,0,0,0,0
CH-E Cod 0366,120,2,9,2,2,0,0,0,0,0,0,0,4,1,1,1,0,0,0,0,0,0,0,0
F-Collection privée Mont-Renaud,392,18,9,2,2,0,0,0,0,0,0,0,14,4,1,1,0,0,0,0,0,0,0,0
F-SOM Ms 0252,392,18,9,2,2,0,0,0,0,0,0,0,14,4,1,1,0,0,0,0,0,0,0,0
B-Br Ms 10127-44,392,18,9,2,2,0,0,0,0,0,0,0,14,4,1,1,0,0,0,0,0,0,0,0
F-Pn Lat. 17436,392,18,9,2,2,0,0,0,0,0,0,0,14,4,1,1,0,0,0,0,0,0,0,0
GB-Lbl Egerton 857,392,18,9,2,2,0,0,0,0,0,0,0,14,4,1,1,0,0,0,0,0,0,0,0
V-CVbav Vat. lat. 5319,392,18,9,2,2,0,0,0,0,0,0,0,14,4,1,1,0,0,0,0,0,0,0,0
CH-SGs Cod 338,392,18,9,2,2,0,0,0,0,0,0,0,14,4,1,1,0,0,0,0,0,0,0,0
CZ-Pn XIV D 12,392,18,9,2,2,0,0,0,0,0,0,0,14,4,1,1,0,0,0,0,0,0,0,0
F-AUT Ms S 0012 (11),392,18,9,2,2,0,0,0,0,0,0,0,14,4,1,1,0,0,0,0,0,0,0,0
F-PR Ms 0012,392,18,9,2,2,0,0,0,0,0,0,0,14,4,1,1,0,0,0,0,0,0,0,0
F-Pn Lat. 17307,392,18,9,2,2,0,0,0,0,0,0,0,14,4,1,1,0,0,0,0,0,0,0,0
F-Pn Lat. 909,392,18,9,2,2,0,0,0,0,0,0,0,14,4,1,1,0,0,0,0,0,0,0,0
V-CVbav Ross.0076,392,18,9,2,2,0,0,0,0,0,0,0,14,4,1,1,0,0,0,0,0,0,0,0
GB-Dru Cosin V.V.6,392,18,9,2,2,0,0,0,0,0,0,0,14,4,1,1,0,0,0,0,0,0,0,0
B-Br Ms II 3823,392,18,9,2,2,0,0,0,0,0,0,0,14,4,1,1,0,0,0,0,0,0,0,0
CH-E Codex 121,392,18,9,2,2,0,0,0,0,0,0,0,14,4,1,1,0,0,0,0,0,0,0,0
CH-SGs Cod 339,392,18,9,2,2,0,0,0,0,0,0,0,14,4,1,1,0,0,0,0,0,0,0,0
F-AI Ms 0044,392,18,9,2,2,0,0,0,0,0,0,0,14,4,1,1,0,0,0,0,0,0,0,0
F-CA Ms 0061 (62),392,18,9,2,2,0,0,0,0,0,0,0,14,4,1,1,0,0,0,0,0,0,0,0
F-CA Ms 0078 (79),392,18,9,2,2,0,0,0,0,0,0,0,14,4,1,1,0,0,0,0,0,0,0,0
F-CHRm Ms 0047 (40),392,18,9,2,2,0,0,0,0,0,0,0,14,4,1,1,0,0,0,0,0,0,0,0
F-Pn Lat. 1121,392,18,9,2,2,0,0,0,0,0,0,0,14,4,1,1,0,0,0,0,0,0,0,0
F-Pn Lat. 1136,392,18,9,2,2,0,0,0,0,0,0,0,14,4,1,1,0,0,0,0,0,0,0,0
F-Pn Lat. 12050,392,18,9,2,2,0,0,0,0,0,0,0,14,4,1,1,0,0,0,0,0,0,0,0
F-Pn NAL 1235,392,18,9,2,2,0,0,0,0,0,0,0,14,4,1,1,0,0,0,0,0,0,0,0
GB-Lbl Harley 4951,392,18,9,2,2,0,0,0,0,0,0,0,14,4,1,1,0,0,0,0,0,0,0,0
I-BV 34,392,18,9,2,2,0,0,0,0,0,0,0,14,4,1,1,0,0,0,0,0,0,0,0
F-Pn Lat. 12584,392,18,9,2,2,0,0,0,0,0,0,0,14,4,1,1,0,0,0,0,0,0,0,0
D-KNd Ms 1001b,392,18,9,2,2,0,0,0,0,0,0,0,14,4,1,1,0,0,0,0,0,0,0,0
E-Bbc M 889,392,18,9,2,2,0,0,0,0,0,0,0,14,4,1,1,0,0,0,0,0,0,0,0
E-Bbc Ms. 1805,392,18,9,2,2,0,0,0,0,0,0,0,14,4,1,1,0,0,0,0,0,0,0,0
E-Bbc Ms. 3180,392,18,9,2,2,0,0,0,0,0,0,0,14,4,1,1,0,0,0,0,0,0,0,0
F-LG Ms 0002 (17),392,18,9,2,2,0,0,0,0,0,0,0,14,4,1,1,0,0,0,0,0,0,0,0
I-BGc MA 150 (Psi III.8),392,18,9,2,2,0,0,0,0,0,0,0,14,4,1,1,0,0,0,0,0,0,0,0
I-Bc Q 09,392,18,9,2,2,0,0,0,0,0,0,0,14,4,1,1,0,0,0,0,0,0,0,0
F-Pn Lat. 1087,392,18,9,2,2,0,0,0,0,0,0,0,14,4,1,1,0,0,0,0,0,0,0,0
I-Tn G.V.20,392,18,9,2,2,0,0,0,0,0,0,0,14,4,1,1,0,0,0,0,0,0,0,0
E-Mh Cód. 18,392,18,9,2,2,0,0,0,0,0,0,0,14,4,1,1,0,0,0,0,0,0,0,0
E-Mh Cód. 51,392,18,9,2,2,0,0,0,0,0,0,0,14,4,1,1,0,0,0,0,0,0,0,0
V-CVbav Vat. lat. 4770,392,18,9,2,2,0,0,0,0,0,0,0,14,4,1,1,0,0,0,0,0,0,0,0
F-Pn Lat. 9439,392,18,9,2,2,0,0,0,0,0,0,0,14,4,1,1,0,0,0,0,0,0,0,0
CZ-Bm A 7115,392,18,9,2,2,0,0,0,0,0,0,0,14,4,1,1,0,0,0,0,0,0,0,0
F-G Ms 84 (Ms. 395 Rés.),392,18,9,2,2,0,0,0,0,0,0,0,14,4,1,1,0,0,0,0,0,0,0,0
F-NS Ms 0004,392,18,9,2,2,0,0,0,0,0,0,0,14,4,1,1,0,0,0,0,0,0,0,0
F-Pn NAL 1414,392,18,9,2,2,0,0,0,0,0,0,0,14,4,1,1,0,0,0,0,0,0,0,0
F-Pn NAL 1669,392,18,9,2,2,0,0,0,0,0,0,0,14,4,1,1,0,0,0,0,0,0,0,0
PL-WRu I F 411,392,18,9,2,2,0,0,0,0,0,0,0,14,4,1,1,0,0,0,0,0,0,0,0
V-CVbav Archivio di San Pietro F.22,392,18,9,2,2,0,0,0,0,0,0,0,14,4,1,1,0,0,0,0,0,0,0,0
F-AN Ms 0091,392,18,9,2,2,0,0,0,0,0,0,0,14,4,1,1,0,0,0,0,0,0,0,0
CZ-Pn XIII B 2,392,18,9,2,2,0,0,0,0,0,0,0,14,4,1,1,0,0,0,0,0,0,0,0
CZ-Pu XIII A 5c,392,18,9,2,2,0,0,0,0,0,0,0,14,4,1,1,0,0,0,0,0,0,0,0
D-B Ms mus 40078,392,18,9,2,2,0,0,0,0,0,0,0,14,4,1,1,0,0,0,0,0,0,0,0
D-BAa Msc Lit 7,392,18,9,2,2,0,0,0,0,0,0,0,14,4,1,1,0,0,0,0,0,0,0,0
D-Ful Aa 0006,392,18,9,2,2,0,0,0,0,0,0,0,14,4,1,1,0,0,0,0,0,0,0,0
F-LA Ms 239,392,18,9,2,2,0,0,0,0,0,0,0,14,4,1,1,0,0,0,0,0,0,0,0
CH-Cobodmer C 0074,392,18,9,2,2,0,0,0,0,0,0,0,14,4,1,1,0,0,0,0,0,0,0,0
CH-SGs Cod 340,392,18,9,2,2,0,0,0,0,0,0,0,14,4,1,1,0,0,0,0,0,0,0,0
CH-SGv VadSlg Ms 0295,392,18,9,2,2,0,0,0,0,0,0,0,14,4,1,1,0,0,0,0,0,0,0,0
D-BAa Msc Lit 6,392,18,9,2,2,0,0,0,0,0,0,0,14,4,1,1,0,0,0,0,0,0,0,0
D-Mbs Clm 03005,392,18,9,2,2,0,0,0,0,0,0,0,14,4,1,1,0,0,0,0,0,0,0,0
F-AUT Ms S 0010 (8*),392,18,9,2,2,0,0,0,0,0,0,0,14,4,1,1,0,0,0,0,0,0,0,0
F-CA Ms 0075 (76),392,18,9,2,2,0,0,0,0,0,0,0,14,4,1,1,0,0,0,0,0,0,0,0
F-LA Ms 118,392,18,9,2,2,0,0,0,0,0,0,0,14,4,1,1,0,0,0,0,0,0,0,0
F-LA Ms 236,392,18,9,2,2,0,0,0,0,0,0,0,14,4,1,1,0,0,0,0,0,0,0,0
F-Pm Ms 0384,392,18,9,2,2,0,0,0,0,0,0,0,14,4,1,1,0,0,0,0,0,0,0,0
F-Pn Lat. 2291,392,18,9,2,2,0,0,0,0,0,0,0,14,4,1,1,0,0,0,0,0,0,0,0
FIN-Hy F.m.I.26,392,18,9,2,2,0,0,0,0,0,0,0,14,4,1,1,0,0,0,0,0,0,0,0
I-BGc MA 239 (Gamma III.18),392,18,9,2,2,0,0,0,0,0,0,0,14,4,1,1,0,0,0,0,0,0,0,0
US-Baw W.11,392,18,9,2,2,0,0,0,0,0,0,0,14,4,1,1,0,0,0,0,0,0,0,0
F-SEm Ms 018,392,18,9,2,2,0,0,0,0,0,0,0,14,4,1,1,0,0,0,0,0,0,0,0
CZ-R R 396,392,18,9,2,2,0,0,0,0,0,0,0,14,4,1,1,0,0,0,0,0,0,0,0
F-AS Ms 0437 (cat. 1011),392,18,9,2,2,0,0,0,0,0,0,0,14,4,1,1,0,0,0,0,0,0,0,0
CH-SGs Cod 381,392,18,9,2,2,0,0,0,0,0,0,0,14,4,1,1,0,0,0,0,0,0,0,0
D-Mbs Clm 14965b,392,18,9,2,2,0,0,0,0,0,0,0,14,4,1,1,0,0,0,0,0,0,0,0
Reconstitution Sacramentaire de Tours (TU1),392,18,9,2,2,0,0,0,0,0,0,0,14,4,1,1,0,0,0,0,0,0,0,0
FIN-Hy F.m.I.85,392,18,9,2,2,0,0,0,0,0,0,0,14,4,1,1,0,0,0,0,0,0,0,0
F-Pn Lat. 1134,392,18,9,2,2,0,0,0,0,0,0,0,14,4,1,1,0,0,0,0,0,0,0,0
F-Pn NAL 1890,392,18,9,2,2,0,0,0,0,0,0,0,14,4,1,1,0,0,0,0,0,0,0,0
F-Pn Lat. 17305,392,18,9,2,2,0,0,0,0,0,0,0,14,4,1,1,0,0,0,0,0,0,0,0
D-BAa Msc Lit 8,392,18,9,2,2,0,0,0,0,0,0,0,14,4,1,1,0,0,0,0,0,0,0,0
F-Pn Lat. 1133,392,18,9,2,2,0,0,0,0,0,0,0,14,4,1,1,0,0,0,0,0,0,0,0
A-KN CCl 485,392,18,9,2,2,0,0,0,0,0,0,0,14,4,1,1,0,0,0,0,0,0,0,0
D-BAa Msc Lit 5,392,18,9,2,2,0,0,0,0,0,0,0,14,4,1,1,0,0,0,0,0,0,0,0
A-KN CCl 1018,195,19,9,2,2,0,0,0,0,0,0,0,7,5,1,1,0,0,0,0,0,0,0,0
A-KN CCl 589,195,19,9,2,2,0,0,0,0,0,0,0,7,5,1,1,0,0,0,0,0,0,0,0
A-Wda C-10,195,19,9,2,2,0,0,0,0,0,0,0,7,5,1,1,0,0,0,0,0,0,0,0
D-FUl Aa 55,195,19,9,2,2,0,0,0,0,0,0,0,7,5,1,1,0,0,0,0,0,0,0,0
I-BV V 20,195,19,9,2,2,0,0,0,0,0,0,0,7,5,1,1,0,0,0,0,0,0,0,0
NL-ZUa 6,195,19,9,2,2,0,0,0,0,0,0,0,7,5,1,1,0,0,0,0,0,0,0,0
B-Gu Hs BKT.006,195,19,9,2,2,0,0,0,0,0,0,0,7,5,1,1,0,0,0,0,0,0,0,0
CH-SGs 391,195,19,9,2,2,0,0,0,0,0,0,0,7,5,1,1,0,0,0,0,0,0,0,0
DK-Kk Gl. Kgl. S. 3449 8o [06] VI,195,19,9,2,2,0,0,0,0,0,0,0,7,5,1,1,0,0,0,0,0,0,0,0
E-H Ms. 8 (ant. 6),195,19,9,2,2,0,0,0,0,0,0,0,7,5,1,1,0,0,0,0,0,0,0,0
H-Bu lat. 119,195,19,9,2,2,0,0,0,0,0,0,0,7,5,1,1,0,0,0,0,0,0,0,0
HR-Hf Cod. F Nr. 6,195,19,9,2,2,0,0,0,0,0,0,0,7,5,1,1,0,0,0,0,0,0,0,0
PL-Kkar Ms.3 (rkp. Perg. 15),195,19,9,2,2,0,0,0,0,0,0,0,7,5,1,1,0,0,0,0,0,0,0,0
PL-WRzno Rkp. 12025/IV,195,19,9,2,2,0,0,0,0,0,0,0,7,5,1,1,0,0,0,0,0,0,0,0
US-Cai 1911.142b,195,19,9,2,2,0,0,0,0,0,0,0,7,5,1,1,0,0,0,0,0,0,0,0
NZ-Wt MSR-03,195,19,9,2,2,0,0,0,0,0,0,0,7,5,1,1,0,0,0,0,0,0,0,0
US-KClbsc M2149.2 .V4 1629,195,19,9,2,2,0,0,0,0,0,0,0,7,5,1,1,0,0,0,0,0,0,0,0
CDN-Lu M2150 15-?,195,19,9,2,2,0,0,0,0,0,0,0,7,5,1,1,0,0,0,0,0,0,0,0
PL-STAb ms. 4,195,19,9,2,2,0,0,0,0,0,0,0,7,5,1,1,0,0,0,0,0,0,0,0
D-MZb C,195,19,9,2,2,0,0,0,0,0,0,0,7,5,1,1,0,0,0,0,0,0,0,0
DK-Kk Gl. Kgl. S. 3449 8o [07] VII,195,19,9,2,2,0,0,0,0,0,0,0,7,5,1,1,0,0,0,0,0,0,0,0
SK-Bra BAIIa EC Lad.4,195,19,9,2,2,0,0,0,0,0,0,0,7,5,1,1,0,0,0,0,0,0,0,0
NL-Lu BPL 0025,195,19,9,2,2,0,0,0,0,0,0,0,7,5,1,1,0,0,0,0,0,0,0,0
DK-Kk Gl. Kgl. S. 3449 8o [08] VIII,195,19,9,2,2,0,0,0,0,0,0,0,7,5,1,1,0,0,0,0,0,0,0,0
E-SI MS 6,195,19,9,2,2,0,0,0,0,0,0,0,7,5,1,1,0,0,0,0,0,0,0,0
GB-Lbl Add MS 30846,195,19,9,2,2,0,0,0,0,0,0,0,7,5,1,1,0,0,0,0,0,0,0,0
E-Tc 35.4,195,19,9,2,2,0,0,0,0,0,0,0,7,5,1,1,0,0,0,0,0,0,0,0
E-MO Ms. 72,340,0,9,2,2,0,0,0,0,0,0,0,13,0,1,1,0,0,0,0,0,0,0,0
US-NYcub Plimpton MS 034,340,0,9,2,2,0,0,0,0,0,0,0,13,0,1,1,0,0,0,0,0,0,0,0
DK-Kk Gl. Kgl. S. 3449 8o [03] III,340,0,9,2,2,0,0,0,0,0,0,0,13,0,1,1,0,0,0,0,0,0,0,0
US-KClbsc M2147.C53 1500z,340,0,9,2,2,0,0,0,0,0,0,0,13,0,1,1,0,0,0,0,0,0,0,0
E-SI MS 3,340,0,9,2,2,0,0,0,0,0,0,0,13,0,1,1,0,0,0,0,0,0,0,0
GB-Lbl Add MS 30852,340,0,9,2,2,0,0,0,0,0,0,0,13,0,1,1,0,0,0,0,0,0,0,0
E-Mh Cod. 56,340,0,9,2,2,0,0,0,0,0,0,0,13,0,1,1,0,0,0,0,0,0,0,0
E-SI MS 4,340,0,9,2,2,0,0,0,0,0,0,0,13,0,1,1,0,0,0,0,0,0,0,0
E-Tc 35.7,340,0,9,2,2,0,0,0,0,0,0,0,13,0,1,1,0,0,0,0,0,0,0,0
E-L Ms 8,340,0,9,2,2,0,0,0,0,0,0,0,13,0,1,1,0,0,0,0,0,0,0,0
E-Mh Cod. 30,340,0,9,2,2,0,0,0,0,0,0,0,13,0,1,1,0,0,0,0,0,0,0,0
E-Tc 35.6,340,0,9,2,2,0,0,0,0,0,0,0,13,0,1,1,0,0,0,0,0,0,0,0
GB-Lbl Add MS 30844,340,0,9,2,2,0,0,0,0,0,0,0,13,0,1,1,0,0,0,0,0,0,0,0
I-VEcap Codex Veronensis LXXXIX,340,0,9,2,2,0,0,0,0,0,0,0,13,0,1,1,0,0,0,0,0,0,0,0
E-SI MS 7,340,0,9,2,2,0,0,0,0,0,0,0,13,0,1,1,0,0,0,0,0,0,0,0
GB-Lbl Add MS 30845,340,0,9,2,2,0,0,0,0,0,0,0,13,0,1,1,0,0,0,0,0,0,0,0
GB-Lbl Add MS 30851,340,0,9,2,2,0,0,0,0,0,0,0,13,0,1,1,0,0,0,0,0,0,0,0
E-Zfm Ms-418,340,0,9,2,2,0,0,0,0,0,0,0,13,0,1,1,0,0,0,0,0,0,0,0
E-Tc 33.3,340,0,9,2,2,0,0,0,0,0,0,0,13,0,1,1,0,0,0,0,0,0,0,0
E-SAu Ms. 2668,340,0,9,2,2,0,0,0,0,0,0,0,13,0,1,1,0,0,0,0,0,0,0,0
E-Mn MSS/10001,340,0,9,2,2,0,0,0,0,0,0,0,13,0,1,1,0,0,0,0,0,0,0,0
E-Bbc M 662,340,0,9,2,2,0,0,0,0,0,0,0,13,0,1,1,0,0,0,0,0,0,0,0
DK-Kk Gl. Kgl. S. 3449 8o [04] IV,225,2,9,2,2,0,0,0,0,0,0,0,9,1,1,1,0,0,0,0,0,0,0,0
D-Mbs Clm 02541,225,2,9,2,2,0,0,0,0,0,0,0,9,1,1,1,0,0,0,0,0,0,0,0
E-Mh Cód. 45,225,2,9,2,2,0,0,0,0,0,0,0,9,1,1,1,0,0,0,0,0,0,0,0
E-Bbc M 784,225,2,9,2,2,0,0,0,0,0,0,0,9,1,1,1,0,0,0,0,0,0,0,0
F-Pn Lat. 9436,225,2,9,2,2,0,0,0,0,0,0,0,9,1,1,1,0,0,0,0,0,0,0,0
SK-BRnm MUS I 78,225,2,9,2,2,0,0,0,0,0,0,0,9,1,1,1,0,0,0,0,0,0,0,0
F-Pn Lat. 18010,225,2,9,2,2,0,0,0,0,0,0,0,9,1,1,1,0,0,0,0,0,0,0,0
F-Togs Ms 001,225,2,9,2,2,0,0,0,0,0,0,0,9,1,1,1,0,0,0,0,0,0,0,0
F-VN Ms 0759,225,2,9,2,2,0,0,0,0,0,0,0,9,1,1,1,0,0,0,0,0,0,0,0
E-Tc 35.5,225,2,9,2,2,0,0,0,0,0,0,0,9,1,1,1,0,0,0,0,0,0,0,0
H-Efkö MS I. 3. c,257,13,4,0,2,0,0,0,0,0,0,0,11,3,0,0,0,0,0,0,0,0,0,0
TR-Itks 42,257,13,4,0,2,0,0,0,0,0,0,0,11,3,0,0,0,0,0,0,0,0,0,0
A-Wn Cod. 1812,257,13,4,0,2,0,0,0,0,0,0,0,11,3,0,0,0,0,0,0,0,0,0,0
TR-Itks 2429,257,13,4,0,2,0,0,0,0,0,0,0,11,3,0,0,0,0,0,0,0,0,0,0
H-Efkö MS I. 3. a,257,13,4,0,2,0,0,0,0,0,0,0,11,3,0,0,0,0,0,0,0,0,0,0
H-Efkö MS I. 1 a-b,257,13,4,0,2,0,0,0,0,0,0,0,11,3,0,0,0,0,0,0,0,0,0,0
RO-Sb Ms. 759,257,13,4,0,2,0,0,0,0,0,0,0,11,3,0,0,0,0,0,0,0,0,0,0
"SK-BRa EC Lad. 3, EL 18",257,13,4,0,2,0,0,0,0,0,0,0,11,3,0,0,0,0,0,0,0,0,0,0
"H-Bn Clmae 172a, 172b",257,13,4,0,2,0,0,0,0,0,0,0,11,3,0,0,0,0,0,0,0,0,0,0
PL-STAb ms. 2,249,2,9,2,2,0,0,0,0,0,0,0,10,1,1,1,0,0,0,0,0,0,0,0
DK-Kk Gl. Kgl. S. 3449 8o [05] V,249,2,9,2,2,0,0,0,0,0,0,0,10,1,1,1,0,0,0,0,0,0,0,0
F-LA Ms 240,249,2,9,2,2,0,0,0,0,0,0,0,10,1,1,1,0,0,0,0,0,0,0,0
D-Dl Mscr.Dresd.A.0122,249,2,9,2,2,0,0,0,0,0,0,0,10,1,1,1,0,0,0,0,0,0,0,0
NL-Uu Hs. 0062,249,2,9,2,2,0,0,0,0,0,0,0,10,1,1,1,0,0,0,0,0,0,0,0
CZ-Pak P VII,249,2,9,2,2,0,0,0,0,0,0,0,10,1,1,1,0,0,0,0,0,0,0,0
D-DS Hs 1946,249,2,9,2,2,0,0,0,0,0,0,0,10,1,1,1,0,0,0,0,0,0,0,0
D-Kl Theol. quart 0015,249,2,9,2,2,0,0,0,0,0,0,0,10,1,1,1,0,0,0,0,0,0,0,0
CH-Fco Ms 0009,249,2,9,2,2,0,0,0,0,0,0,0,10,1,1,1,0,0,0,0,0,0,0,0
F-Psg Ms 111,249,2,9,2,2,0,0,0,0,0,0,0,10,1,1,1,0,0,0,0,0,0,0,0
D-BAa Msc Bibl. 50,249,2,9,2,2,0,0,0,0,0,0,0,10,1,1,1,0,0,0,0,0,0,0,0
F-O Ms 121,249,2,9,2,2,0,0,0,0,0,0,0,10,1,1,1,0,0,0,0,0,0,0,0
E-Mn MSS/10110,249,2,9,2,2,0,0,0,0,0,0,0,10,1,1,1,0,0,0,0,0,0,0,0
F-Pn Lat. 1120,249,2,9,2,2,0,0,0,0,0,0,0,10,1,1,1,0,0,0,0,0,0,0,0
PL-WRu I F 413,46,18,9,2,2,0,0,0,0,0,0,0,1,4,1,1,0,0,0,0,0,0,0,0
PL-WRu I F 414,46,18,9,2,2,0,0,0,0,0,0,0,1,4,1,1,0,0,0,0,0,0,0,0
PL-WRu I F 416,46,18,9,2,2,0,0,0,0,0,0,0,1,4,1,1,0,0,0,0,0,0,0,0
PL-Wn Rps 12496 IV,46,18,9,2,2,0,0,0,0,0,0,0,1,4,1,1,0,0,0,0,0,0,0,0
"D-HEu Cod. Sal. X,007",46,18,9,2,2,0,0,0,0,0,0,0,1,4,1,1,0,0,0,0,0,0,0,0
CH-SGs Cod 342,46,18,9,2,2,0,0,0,0,0,0,0,1,4,1,1,0,0,0,0,0,0,0,0
CH-SGs Cod 375,46,18,9,2,2,0,0,0,0,0,0,0,1,4,1,1,0,0,0,0,0,0,0,0
D-KWsr Drachenfels-Missale,46,18,9,2,2,0,0,0,0,0,0,0,1,4,1,1,0,0,0,0,0,0,0,0
F-CA Ms 0060 (61),46,18,9,2,2,0,0,0,0,0,0,0,1,4,1,1,0,0,0,0,0,0,0,0
F-Pa Ms 0135,46,18,9,2,2,0,0,0,0,0,0,0,1,4,1,1,0,0,0,0,0,0,0,0
F-Pa Ms 0197,46,18,9,2,2,0,0,0,0,0,0,0,1,4,1,1,0,0,0,0,0,0,0,0
F-Pn Lat. 833,46,18,9,2,2,0,0,0,0,0,0,0,1,4,1,1,0,0,0,0,0,0,0,0
F-Pn Lat. 904,46,18,9,2,2,0,0,0,0,0,0,0,1,4,1,1,0,0,0,0,0,0,0,0
F-Pn Lat. 9441,46,18,9,2,2,0,0,0,0,0,0,0,1,4,1,1,0,0,0,0,0,0,0,0
D-LEu Ms Thomas 391,46,18,9,2,2,0,0,0,0,0,0,0,1,4,1,1,0,0,0,0,0,0,0,0
A-KN Cod 588,46,18,9,2,2,0,0,0,0,0,0,0,1,4,1,1,0,0,0,0,0,0,0,0
CH-SGs Cod 376,46,18,9,2,2,0,0,0,0,0,0,0,1,4,1,1,0,0,0,0,0,0,0,0
D-W Cod Guelf Helmst 1008,46,18,9,2,2,0,0,0,0,0,0,0,1,4,1,1,0,0,0,0,0,0,0,0
F-Pn Lat. 903,46,18,9,2,2,0,0,0,0,0,0,0,1,4,1,1,0,0,0,0,0,0,0,0
SK-Bra BMI EC Lad.3 EL18,46,18,9,2,2,0,0,0,0,0,0,0,1,4,1,1,0,0,0,0,0,0,0,0
E-Mn Mss/1361,46,18,9,2,2,0,0,0,0,0,0,0,1,4,1,1,0,0,0,0,0,0,0,0
F-Pn Lat. 780,46,18,9,2,2,0,0,0,0,0,0,0,1,4,1,1,0,0,0,0,0,0,0,0
PL-Wn rps 12722 V,46,18,9,2,2,0,0,0,0,0,0,0,1,4,1,1,0,0,0,0,0,0,0,0
PL-SAk 40,46,18,9,2,2,0,0,0,0,0,0,0,1,4,1,1,0,0,0,0,0,0,0,0
CH-ROM Ms. liturg. FiD 5,46,18,9,2,2,0,0,0,0,0,0,0,1,4,1,1,0,0,0,0,0,0,0,0
D-KA Lichtenthal 002,46,18,9,2,2,0,0,0,0,0,0,0,1,4,1,1,0,0,0,0,0,0,0,0
E-Bbc M 1147,46,18,9,2,2,0,0,0,0,0,0,0,1,4,1,1,0,0,0,0,0,0,0,0
NL-Uu Hs. 0415,46,18,9,2,2,0,0,0,0,0,0,0,1,4,1,1,0,0,0,0,0,0,0,0
A-Gu Ms 0807,46,18,9,2,2,0,0,0,0,0,0,0,1,4,1,1,0,0,0,0,0,0,0,0
A-KN Cod 73,46,18,9,2,2,0,0,0,0,0,0,0,1,4,1,1,0,0,0,0,0,0,0,0
CH-P 18,46,18,9,2,2,0,0,0,0,0,0,0,1,4,1,1,0,0,0,0,0,0,0,0
CZ-R R 418,46,18,9,2,2,0,0,0,0,0,0,0,1,4,1,1,0,0,0,0,0,0,0,0
D-DS Hs 0545,46,18,9,2,2,0,0,0,0,0,0,0,1,4,1,1,0,0,0,0,0,0,0,0
E-Bbc M 648,46,18,9,2,2,0,0,0,0,0,0,0,1,4,1,1,0,0,0,0,0,0,0,0
SK-Sk Graduale Scepusiense Nr.1,46,18,9,2,2,0,0,0,0,0,0,0,1,4,1,1,0,0,0,0,0,0,0,0
CH-SGs Cod 374,46,18,9,2,2,0,0,0,0,0,0,0,1,4,1,1,0,0,0,0,0,0,0,0
PL-Kl RL 1,46,18,9,2,2,0,0,0,0,0,0,0,1,4,1,1,0,0,0,0,0,0,0,0
CZ-OLu M III 6,46,18,9,2,2,0,0,0,0,0,0,0,1,4,1,1,0,0,0,0,0,0,0,0
US-NYcub Western MS 097,46,18,9,2,2,0,0,0,0,0,0,0,1,4,1,1,0,0,0,0,0,0,0,0
US-PHf Lewis E 158,46,18,9,2,2,0,0,0,0,0,0,0,1,4,1,1,0,0,0,0,0,0,0,0
D-TRp Hs 187,46,18,9,2,2,0,0,0,0,0,0,0,1,4,1,1,0,0,0,0,0,0,0,0
A-KN CCl 548,46,18,9,2,2,0,0,0,0,0,0,0,1,4,1,1,0,0,0,0,0,0,0,0
F-Pn Lat. 1132,46,18,9,2,2,0,0,0,0,0,0,0,1,4,1,1,0,0,0,0,0,0,0,0
CH-SGs Cod 343,46,18,9,2,2,0,0,0,0,0,0,0,1,4,1,1,0,0,0,0,0,0,0,0
A-Gu Ms 1584,503,2,9,2,2,0,0,0,0,0,0,0,16,1,1,1,0,0,0,0,0,0,0,0
Cim 7,503,2,9,2,2,0,0,0,0,0,0,0,16,1,1,1,0,0,0,0,0,0,0,0
CZ-Pak P VIII,503,2,9,2,2,0,0,0,0,0,0,0,16,1,1,1,0,0,0,0,0,0,0,0
CZ-HORm Sg 487,503,2,9,2,2,0,0,0,0,0,0,0,16,1,1,1,0,0,0,0,0,0,0,0
CZ-OLu M III 7,503,2,9,2,2,0,0,0,0,0,0,0,16,1,1,1,0,0,0,0,0,0,0,0
CZ-PLm 501 A 001,503,2,9,2,2,0,0,0,0,0,0,0,16,1,1,1,0,0,0,0,0,0,0,0
CZ-Pak P V,503,2,9,2,2,0,0,0,0,0,0,0,16,1,1,1,0,0,0,0,0,0,0,0
CZ-Pn XII B 17,503,2,9,2,2,0,0,0,0,0,0,0,16,1,1,1,0,0,0,0,0,0,0,0
CZ-Pn XIII B 8,503,2,9,2,2,0,0,0,0,0,0,0,16,1,1,1,0,0,0,0,0,0,0,0
CZ-Pn XIII B 9,503,2,9,2,2,0,0,0,0,0,0,0,16,1,1,1,0,0,0,0,0,0,0,0
CZ-Pn XVI A 10,503,2,9,2,2,0,0,0,0,0,0,0,16,1,1,1,0,0,0,0,0,0,0,0
CZ-Pn XVI A 13,503,2,9,2,2,0,0,0,0,0,0,0,16,1,1,1,0,0,0,0,0,0,0,0
CZ-Pn XVI A 16,503,2,9,2,2,0,0,0,0,0,0,0,16,1,1,1,0,0,0,0,0,0,0,0
CZ-Pn XVI D 16,503,2,9,2,2,0,0,0,0,0,0,0,16,1,1,1,0,0,0,0,0,0,0,0
CZ-Pu 39 D 7,503,2,9,2,2,0,0,0,0,0,0,0,16,1,1,1,0,0,0,0,0,0,0,0
CZ–Pu I D 33,503,2,9,2,2,0,0,0,0,0,0,0,16,1,1,1,0,0,0,0,0,0,0,0
PL-WRu 1714,503,2,9,2,2,0,0,0,0,0,0,0,16,1,1,1,0,0,0,0,0,0,0,0
